timestamp,category_id,daily_units_sold,daily_units_returned,net_units_sold,rolling_7d_avg
2025-09-01,ELECTRONIC,14,0,14,14.0
2025-09-02,ELECTRONIC,14,0,14,14.0
2025-09-03,ELECTRONIC,27,0,27,18.33333333333333
2025-09-04,ELECTRONIC,10,0,10,16.25
2025-09-05,ELECTRONIC,13,0,13,15.6
2025-09-06,ELECTRONIC,16,1,15,15.5
2025-09-07,ELECTRONIC,11,0,11,14.857142857142858
2025-09-08,ELECTRONIC,10,0,10,14.285714285714286
2025-09-09,ELECTRONIC,19,0,19,15.0
2025-09-10,ELECTRONIC,9,0,9,12.428571428571429
2025-09-11,ELECTRONIC,17,1,16,13.285714285714286
2025-09-12,ELECTRONIC,13,0,13,13.285714285714286
2025-09-13,ELECTRONIC,21,0,21,14.142857142857142
2025-09-14,ELECTRONIC,10,0,10,14.0
2025-09-15,ELECTRONIC,2,0,2,12.857142857142858
2025-09-16,ELECTRONIC,11,0,11,11.714285714285714
2025-09-17,ELECTRONIC,13,0,13,12.285714285714286
2025-09-18,ELECTRONIC,3,0,3,10.428571428571429
2025-09-19,ELECTRONIC,19,0,19,11.285714285714286
2025-09-20,ELECTRONIC,8,0,8,9.428571428571429
2025-09-21,ELECTRONIC,4,0,4,8.571428571428571
2025-09-22,ELECTRONIC,11,0,11,9.857142857142858
2025-09-23,ELECTRONIC,10,0,10,9.714285714285714
2025-09-24,ELECTRONIC,7,0,7,8.857142857142858
2025-09-25,ELECTRONIC,19,0,19,11.142857142857142
2025-09-26,ELECTRONIC,9,0,9,9.714285714285714
2025-09-27,ELECTRONIC,11,0,11,10.142857142857142
2025-09-28,ELECTRONIC,7,0,7,10.571428571428571
2025-09-29,ELECTRONIC,8,0,8,10.142857142857142
2025-09-30,ELECTRONIC,24,0,24,12.142857142857142
2025-10-01,ELECTRONIC,26,0,26,14.857142857142858
2025-10-02,ELECTRONIC,9,0,9,13.428571428571429
2025-10-03,ELECTRONIC,9,0,9,13.428571428571429
2025-10-04,ELECTRONIC,2,0,2,12.142857142857142
2025-10-05,ELECTRONIC,12,0,12,12.857142857142858
2025-10-06,ELECTRONIC,7,0,7,12.714285714285714
2025-10-07,ELECTRONIC,10,0,10,10.714285714285714
2025-10-08,ELECTRONIC,14,0,14,9.0
2025-10-09,ELECTRONIC,2,0,2,8.0
2025-10-10,ELECTRONIC,1,0,1,6.857142857142857
2025-10-11,ELECTRONIC,27,0,27,10.428571428571429
2025-10-12,ELECTRONIC,11,0,11,10.285714285714286
2025-10-13,ELECTRONIC,5,0,5,10.0
2025-10-14,ELECTRONIC,2,0,2,8.857142857142858
2025-10-15,ELECTRONIC,15,0,15,9.0
2025-10-16,ELECTRONIC,15,0,15,10.857142857142858
2025-10-17,ELECTRONIC,17,0,17,13.142857142857142
2025-10-18,ELECTRONIC,3,0,3,9.714285714285714
2025-10-19,ELECTRONIC,10,0,10,9.571428571428571
2025-10-20,ELECTRONIC,18,0,18,11.428571428571429
2025-10-21,ELECTRONIC,3,0,3,11.571428571428571
2025-10-22,ELECTRONIC,5,0,5,10.142857142857142
2025-10-23,ELECTRONIC,13,0,13,9.857142857142858
2025-10-24,ELECTRONIC,11,0,11,9.0
2025-10-25,ELECTRONIC,15,0,15,10.714285714285714
2025-10-26,ELECTRONIC,0,0,0,9.285714285714286
2025-10-27,ELECTRONIC,8,0,8,7.857142857142857
2025-10-28,ELECTRONIC,21,1,20,10.285714285714286
2025-10-29,ELECTRONIC,10,0,10,11.0
2025-10-30,ELECTRONIC,6,2,4,9.714285714285714
2025-10-31,ELECTRONIC,20,0,20,11.0
2025-11-01,ELECTRONIC,12,0,12,10.571428571428571
2025-11-02,ELECTRONIC,10,0,10,12.0
2025-11-03,ELECTRONIC,14,0,14,12.857142857142858
2025-11-04,ELECTRONIC,10,0,10,11.428571428571429
2025-11-05,ELECTRONIC,9,0,9,11.285714285714286
2025-11-06,ELECTRONIC,25,0,25,14.285714285714286
2025-11-07,ELECTRONIC,8,1,7,12.428571428571429
2025-11-08,ELECTRONIC,11,0,11,12.285714285714286
2025-11-09,ELECTRONIC,15,0,15,13.0
2025-11-10,ELECTRONIC,5,0,5,11.714285714285714
2025-11-11,ELECTRONIC,17,1,16,12.571428571428571
2025-11-12,ELECTRONIC,13,0,13,13.142857142857142
2025-11-13,ELECTRONIC,0,0,0,9.571428571428571
2025-11-14,ELECTRONIC,8,0,8,9.714285714285714
2025-11-15,ELECTRONIC,12,0,12,9.857142857142858
2025-11-16,ELECTRONIC,11,0,11,9.285714285714286
2025-11-17,ELECTRONIC,20,0,20,11.428571428571429
2025-11-18,ELECTRONIC,19,0,19,11.857142857142858
2025-11-19,ELECTRONIC,5,0,5,10.714285714285714
2025-11-20,ELECTRONIC,17,2,15,12.857142857142858
2025-11-21,ELECTRONIC,19,0,19,14.428571428571429
2025-11-22,ELECTRONIC,5,0,5,13.428571428571429
2025-11-23,ELECTRONIC,10,4,6,12.714285714285714
2025-11-24,ELECTRONIC,15,0,15,12.0
2025-11-25,ELECTRONIC,6,1,5,10.0
2025-11-26,ELECTRONIC,11,0,11,10.857142857142858
2025-11-27,ELECTRONIC,1,1,0,8.714285714285714
2025-11-28,ELECTRONIC,12,0,12,7.714285714285714
2025-11-29,ELECTRONIC,8,0,8,8.142857142857142
2025-11-30,ELECTRONIC,11,0,11,8.857142857142858
2025-12-01,ELECTRONIC,4,0,4,7.285714285714286
2025-12-02,ELECTRONIC,2,0,2,6.857142857142857
2025-12-03,ELECTRONIC,7,0,7,6.285714285714286
2025-12-04,ELECTRONIC,13,0,13,8.142857142857142
2025-12-05,ELECTRONIC,4,0,4,7.0
2025-12-06,ELECTRONIC,13,0,13,7.714285714285714
2025-12-07,ELECTRONIC,9,0,9,7.428571428571429
2025-12-08,ELECTRONIC,19,1,18,9.428571428571429
2025-12-09,ELECTRONIC,7,0,7,10.142857142857142
2025-12-10,ELECTRONIC,14,1,13,11.0
2025-12-11,ELECTRONIC,4,0,4,9.714285714285714
2025-12-12,ELECTRONIC,10,0,10,10.571428571428571
2025-12-13,ELECTRONIC,18,0,18,11.285714285714286
2025-12-14,ELECTRONIC,11,0,11,11.571428571428571
2025-12-15,ELECTRONIC,9,1,8,10.142857142857142
2025-12-16,ELECTRONIC,27,0,27,13.0
2025-12-17,ELECTRONIC,11,0,11,12.714285714285714
2025-12-18,ELECTRONIC,16,0,16,14.428571428571429
2025-12-19,ELECTRONIC,10,0,10,14.428571428571429
2025-12-20,ELECTRONIC,6,0,6,12.714285714285714
2025-12-21,ELECTRONIC,8,0,8,12.285714285714286
2025-12-22,ELECTRONIC,6,1,5,11.857142857142858
2025-12-23,ELECTRONIC,20,0,20,10.857142857142858
2025-12-24,ELECTRONIC,5,0,5,10.0
2025-12-25,ELECTRONIC,4,0,4,8.285714285714286
2025-12-26,ELECTRONIC,9,1,8,8.0
2025-12-27,ELECTRONIC,3,0,3,7.571428571428571
2025-12-28,ELECTRONIC,3,0,3,6.857142857142857
2025-12-29,ELECTRONIC,8,0,8,7.285714285714286
2025-12-30,ELECTRONIC,4,0,4,5.0
2025-12-31,ELECTRONIC,4,0,4,4.857142857142857
2026-01-01,ELECTRONIC,12,1,11,5.857142857142857
2026-01-02,ELECTRONIC,17,0,17,7.142857142857143
2026-01-03,ELECTRONIC,13,1,12,8.428571428571429
2026-01-04,ELECTRONIC,10,2,8,9.142857142857142
2026-01-05,ELECTRONIC,5,0,5,8.714285714285714
2026-01-06,ELECTRONIC,7,0,7,9.142857142857142
2026-01-07,ELECTRONIC,8,0,8,9.714285714285714
2026-01-08,ELECTRONIC,11,2,9,9.428571428571429
2026-01-09,ELECTRONIC,7,1,6,7.857142857142857
2026-01-10,ELECTRONIC,6,0,6,7.0
2026-01-11,ELECTRONIC,12,1,11,7.428571428571429
2026-01-12,ELECTRONIC,18,0,18,9.285714285714286
2026-01-13,ELECTRONIC,3,0,3,8.714285714285714
2026-01-14,ELECTRONIC,12,0,12,9.285714285714286
2026-01-15,ELECTRONIC,22,0,22,11.142857142857142
2026-01-16,ELECTRONIC,9,0,9,11.571428571428571
2026-01-17,ELECTRONIC,12,1,11,12.285714285714286
2026-01-18,ELECTRONIC,14,0,14,12.714285714285714
2026-01-19,ELECTRONIC,10,0,10,11.571428571428571
2026-01-20,ELECTRONIC,1,0,1,11.285714285714286
2026-01-21,ELECTRONIC,16,0,16,11.857142857142858
2026-01-22,ELECTRONIC,11,2,9,10.0
2026-01-23,ELECTRONIC,6,0,6,9.571428571428571
2026-01-24,ELECTRONIC,5,4,1,8.142857142857142
2026-01-25,ELECTRONIC,14,0,14,8.142857142857142
2026-01-26,ELECTRONIC,12,0,12,8.428571428571429
2026-01-27,ELECTRONIC,31,0,31,12.714285714285714
2026-01-28,ELECTRONIC,10,0,10,11.857142857142858
2026-01-29,ELECTRONIC,8,0,8,11.714285714285714
2026-01-30,ELECTRONIC,15,0,15,13.0
2026-01-31,ELECTRONIC,18,0,18,15.428571428571429
2026-02-01,ELECTRONIC,12,0,12,15.142857142857142
2026-02-02,ELECTRONIC,6,0,6,14.285714285714286
2026-02-03,ELECTRONIC,4,0,4,10.428571428571429
2026-02-04,ELECTRONIC,3,0,3,9.428571428571429
2026-02-05,ELECTRONIC,18,0,18,10.857142857142858
2026-02-06,ELECTRONIC,0,0,0,8.714285714285714
2026-02-07,ELECTRONIC,12,2,10,7.571428571428571
2026-02-08,ELECTRONIC,20,0,20,8.714285714285714
2026-02-09,ELECTRONIC,15,0,15,10.0
2026-02-10,ELECTRONIC,5,0,5,10.142857142857142
2026-02-11,ELECTRONIC,10,1,9,11.0
2026-02-12,ELECTRONIC,5,0,5,9.142857142857142
2026-02-13,ELECTRONIC,9,0,9,10.428571428571429
2026-02-14,ELECTRONIC,9,1,8,10.142857142857142
2026-02-15,ELECTRONIC,7,0,7,8.285714285714286
2026-02-16,ELECTRONIC,5,0,5,6.857142857142857
2026-02-17,ELECTRONIC,8,0,8,7.285714285714286
2026-02-18,ELECTRONIC,15,0,15,8.142857142857142
2026-02-19,ELECTRONIC,11,0,11,9.0
2026-02-20,ELECTRONIC,9,0,9,9.0
2026-02-21,ELECTRONIC,5,1,4,8.428571428571429
2026-02-22,ELECTRONIC,3,0,3,7.857142857142857
2026-02-23,ELECTRONIC,24,0,24,10.571428571428571
2026-02-24,ELECTRONIC,22,0,22,12.571428571428571
2026-02-25,ELECTRONIC,2,0,2,10.714285714285714
2026-02-26,ELECTRONIC,10,2,8,10.285714285714286
2026-02-27,ELECTRONIC,12,0,12,10.714285714285714
2026-02-28,ELECTRONIC,7,0,7,11.142857142857142
2026-03-01,ELECTRONIC,8,0,8,11.857142857142858
2026-03-02,ELECTRONIC,10,0,10,9.857142857142858
2026-03-03,ELECTRONIC,3,2,1,6.857142857142857
2026-03-04,ELECTRONIC,6,0,6,7.428571428571429
2026-03-05,ELECTRONIC,19,0,19,9.0
2026-03-06,ELECTRONIC,13,0,13,9.142857142857142
2026-03-07,ELECTRONIC,19,3,16,10.428571428571429
2026-03-08,ELECTRONIC,3,0,3,9.714285714285714
2026-03-09,ELECTRONIC,11,1,10,9.714285714285714
2026-03-10,ELECTRONIC,8,0,8,10.714285714285714
2026-03-11,ELECTRONIC,1,0,1,10.0
2026-03-12,ELECTRONIC,20,0,20,10.142857142857142
2026-03-13,ELECTRONIC,13,0,13,10.142857142857142
2026-03-14,ELECTRONIC,6,0,6,8.714285714285714
2026-03-15,ELECTRONIC,11,0,11,9.857142857142858
2026-03-16,ELECTRONIC,13,0,13,10.285714285714286
2026-03-17,ELECTRONIC,11,0,11,10.714285714285714
2026-03-18,ELECTRONIC,7,1,6,11.428571428571429
2026-03-19,ELECTRONIC,17,0,17,11.0
2026-03-20,ELECTRONIC,15,0,15,11.285714285714286
2026-03-21,ELECTRONIC,12,0,12,12.142857142857142
2026-03-22,ELECTRONIC,14,1,13,12.428571428571429
2026-03-23,ELECTRONIC,3,0,3,11.0
2026-03-24,ELECTRONIC,8,0,8,10.571428571428571
2026-03-25,ELECTRONIC,21,1,20,12.571428571428571
2026-03-26,ELECTRONIC,21,0,21,13.142857142857142
2026-03-27,ELECTRONIC,7,0,7,12.0
2026-03-28,ELECTRONIC,4,0,4,10.857142857142858
2026-03-29,ELECTRONIC,17,0,17,11.428571428571429
2026-03-30,ELECTRONIC,4,0,4,11.571428571428571
2026-03-31,ELECTRONIC,3,0,3,10.857142857142858
2026-04-01,ELECTRONIC,6,0,6,8.857142857142858
2026-04-02,ELECTRONIC,20,0,20,8.714285714285714
2026-04-03,ELECTRONIC,1,0,1,7.857142857142857
2026-04-04,ELECTRONIC,6,0,6,8.142857142857142
2026-04-05,ELECTRONIC,4,0,4,6.285714285714286
2026-04-06,ELECTRONIC,13,2,11,7.285714285714286
2026-04-07,ELECTRONIC,8,0,8,8.0
2026-04-08,ELECTRONIC,5,0,5,7.857142857142857
2026-04-09,ELECTRONIC,12,0,12,6.714285714285714
2026-04-10,ELECTRONIC,15,0,15,8.714285714285714
2026-04-11,ELECTRONIC,10,0,10,9.285714285714286
2026-04-12,ELECTRONIC,6,0,6,9.571428571428571
2026-04-13,ELECTRONIC,1,0,1,8.142857142857142
2026-04-14,ELECTRONIC,7,0,7,8.0
2026-04-15,ELECTRONIC,8,0,8,8.428571428571429
2026-04-16,ELECTRONIC,11,0,11,8.285714285714286
2026-04-17,ELECTRONIC,13,0,13,8.0
2026-04-18,ELECTRONIC,20,0,20,9.428571428571429
2026-04-19,ELECTRONIC,3,0,3,9.0
2026-04-20,ELECTRONIC,5,0,5,9.571428571428571
2026-04-21,ELECTRONIC,10,1,9,9.857142857142858
2026-04-22,ELECTRONIC,9,0,9,10.0
2026-04-23,ELECTRONIC,20,0,20,11.285714285714286
2026-04-24,ELECTRONIC,10,0,10,10.857142857142858
2026-04-25,ELECTRONIC,3,0,3,8.428571428571429
2026-04-26,ELECTRONIC,12,1,11,9.571428571428571
2026-04-27,ELECTRONIC,16,1,15,11.0
2026-04-28,ELECTRONIC,11,0,11,11.285714285714286
2026-04-29,ELECTRONIC,9,0,9,11.285714285714286
2026-04-30,ELECTRONIC,17,0,17,10.857142857142858
2026-05-01,ELECTRONIC,8,0,8,10.571428571428571
2026-05-02,ELECTRONIC,5,1,4,10.714285714285714
2026-05-03,ELECTRONIC,3,0,3,9.571428571428571
2026-05-04,ELECTRONIC,8,0,8,8.571428571428571
2026-05-05,ELECTRONIC,4,0,4,7.571428571428571
2026-05-06,ELECTRONIC,5,0,5,7.0
2026-05-07,ELECTRONIC,10,0,10,6.0
2026-05-08,ELECTRONIC,5,0,5,5.571428571428571
2026-05-09,ELECTRONIC,7,0,7,6.0
2026-05-10,ELECTRONIC,7,0,7,6.571428571428571
2026-05-11,ELECTRONIC,24,0,24,8.857142857142858
2026-05-12,ELECTRONIC,5,1,4,8.857142857142858
2026-05-13,ELECTRONIC,8,0,8,9.285714285714286
2026-05-14,ELECTRONIC,8,0,8,9.0
2026-05-15,ELECTRONIC,6,0,6,9.142857142857142
2026-05-16,ELECTRONIC,6,5,1,8.285714285714286
2026-05-17,ELECTRONIC,11,0,11,8.857142857142858
2026-05-18,ELECTRONIC,11,0,11,7.0
2026-05-19,ELECTRONIC,17,0,17,8.857142857142858
2026-05-20,ELECTRONIC,15,0,15,9.857142857142858
2026-05-21,ELECTRONIC,15,0,15,10.857142857142858
2026-05-22,ELECTRONIC,5,1,4,10.571428571428571
2026-05-23,ELECTRONIC,5,0,5,11.142857142857142
2026-05-24,ELECTRONIC,11,0,11,11.142857142857142
2026-05-25,ELECTRONIC,26,0,26,13.285714285714286
2026-05-26,ELECTRONIC,16,0,16,13.142857142857142
2026-05-27,ELECTRONIC,12,0,12,12.714285714285714
2026-05-28,ELECTRONIC,6,0,6,11.428571428571429
2026-05-29,ELECTRONIC,25,3,22,14.0
2026-05-30,ELECTRONIC,16,0,16,15.571428571428571
2026-05-31,ELECTRONIC,8,0,8,15.142857142857142
2026-06-01,ELECTRONIC,7,0,7,12.428571428571429
2026-06-02,ELECTRONIC,18,0,18,12.714285714285714
2026-06-03,ELECTRONIC,5,0,5,11.714285714285714
2026-06-04,ELECTRONIC,14,0,14,12.857142857142858
2026-06-05,ELECTRONIC,7,0,7,10.714285714285714
2026-06-06,ELECTRONIC,20,1,19,11.142857142857142
2026-06-07,ELECTRONIC,1,0,1,10.142857142857142
2026-06-08,ELECTRONIC,16,0,16,11.428571428571429
2026-06-09,ELECTRONIC,4,0,4,9.428571428571429
2026-06-10,ELECTRONIC,11,0,11,10.285714285714286
2026-06-11,ELECTRONIC,9,0,9,9.571428571428571
2026-06-12,ELECTRONIC,17,0,17,11.0
2026-06-13,ELECTRONIC,14,0,14,10.285714285714286
2026-06-14,ELECTRONIC,4,0,4,10.714285714285714
2026-06-15,ELECTRONIC,11,1,10,9.857142857142858
2026-06-16,ELECTRONIC,13,0,13,11.142857142857142
2026-06-17,ELECTRONIC,8,0,8,10.714285714285714
2026-06-18,ELECTRONIC,13,0,13,11.285714285714286
2026-06-19,ELECTRONIC,10,0,10,10.285714285714286
2026-06-20,ELECTRONIC,7,1,6,9.142857142857142
2026-06-21,ELECTRONIC,8,1,7,9.571428571428571
2026-06-22,ELECTRONIC,8,0,8,9.285714285714286
2026-06-23,ELECTRONIC,16,0,16,9.714285714285714
2026-06-24,ELECTRONIC,11,0,11,10.142857142857142
2026-06-25,ELECTRONIC,15,0,15,10.428571428571429
2026-06-26,ELECTRONIC,10,0,10,10.428571428571429
2026-06-27,ELECTRONIC,12,0,12,11.285714285714286
2026-06-28,ELECTRONIC,5,0,5,11.0
2026-06-29,ELECTRONIC,15,0,15,12.0
2026-06-30,ELECTRONIC,15,0,15,11.857142857142858
2026-07-01,ELECTRONIC,4,0,4,10.857142857142858
2026-07-02,ELECTRONIC,25,0,25,12.285714285714286
2026-07-03,ELECTRONIC,12,0,12,12.571428571428571
2026-07-04,ELECTRONIC,13,0,13,12.714285714285714
2026-07-05,ELECTRONIC,10,0,10,13.428571428571429
2026-07-06,ELECTRONIC,12,0,12,13.0
2026-07-07,ELECTRONIC,10,0,10,12.285714285714286
2026-07-08,ELECTRONIC,15,0,15,13.857142857142858
2026-07-09,ELECTRONIC,30,4,26,14.0
2026-07-10,ELECTRONIC,26,0,26,16.0
2026-07-11,ELECTRONIC,8,0,8,15.285714285714286
2026-07-12,ELECTRONIC,6,0,6,14.714285714285714
2026-07-13,ELECTRONIC,25,0,25,16.571428571428573
2026-07-14,ELECTRONIC,14,0,14,17.142857142857142
2026-07-15,ELECTRONIC,8,1,7,16.0
2026-07-16,ELECTRONIC,8,0,8,13.428571428571429
2026-07-17,ELECTRONIC,13,1,12,11.428571428571429
2026-07-18,ELECTRONIC,12,0,12,12.0
2026-07-19,ELECTRONIC,15,0,15,13.285714285714286
2026-07-20,ELECTRONIC,13,0,13,11.571428571428571
2026-07-21,ELECTRONIC,2,0,2,9.857142857142858
2026-07-22,ELECTRONIC,3,0,3,9.285714285714286
2026-07-23,ELECTRONIC,7,0,7,9.142857142857142
2026-07-24,ELECTRONIC,9,1,8,8.571428571428571
2026-07-25,ELECTRONIC,17,5,12,8.571428571428571
2026-07-26,ELECTRONIC,2,0,2,6.714285714285714
2026-07-27,ELECTRONIC,2,0,2,5.142857142857143
2025-09-01,FASTENERS,33,0,33,33.0
2025-09-02,FASTENERS,38,0,38,35.5
2025-09-03,FASTENERS,36,0,36,35.666666666666664
2025-09-04,FASTENERS,55,0,55,40.5
2025-09-05,FASTENERS,38,0,38,40.0
2025-09-06,FASTENERS,32,0,32,38.66666666666666
2025-09-07,FASTENERS,31,0,31,37.57142857142857
2025-09-08,FASTENERS,25,0,25,36.42857142857143
2025-09-09,FASTENERS,14,0,14,33.0
2025-09-10,FASTENERS,59,0,59,36.285714285714285
2025-09-11,FASTENERS,38,0,38,33.857142857142854
2025-09-12,FASTENERS,25,0,25,32.0
2025-09-13,FASTENERS,53,0,53,35.0
2025-09-14,FASTENERS,39,0,39,36.142857142857146
2025-09-15,FASTENERS,49,0,49,39.57142857142857
2025-09-16,FASTENERS,31,0,31,42.0
2025-09-17,FASTENERS,20,1,19,36.285714285714285
2025-09-18,FASTENERS,6,0,6,31.714285714285715
2025-09-19,FASTENERS,39,0,39,33.714285714285715
2025-09-20,FASTENERS,29,0,29,30.285714285714285
2025-09-21,FASTENERS,55,1,54,32.42857142857143
2025-09-22,FASTENERS,23,0,23,28.714285714285715
2025-09-23,FASTENERS,30,0,30,28.571428571428573
2025-09-24,FASTENERS,24,0,24,29.285714285714285
2025-09-25,FASTENERS,76,0,76,39.285714285714285
2025-09-26,FASTENERS,43,0,43,39.85714285714285
2025-09-27,FASTENERS,73,0,73,46.142857142857146
2025-09-28,FASTENERS,44,0,44,44.71428571428572
2025-09-29,FASTENERS,50,0,50,48.57142857142857
2025-09-30,FASTENERS,61,0,61,53.0
2025-10-01,FASTENERS,38,0,38,55.0
2025-10-02,FASTENERS,61,0,61,52.85714285714285
2025-10-03,FASTENERS,14,0,14,48.71428571428572
2025-10-04,FASTENERS,18,0,18,40.85714285714285
2025-10-05,FASTENERS,31,0,31,39.0
2025-10-06,FASTENERS,19,0,19,34.57142857142857
2025-10-07,FASTENERS,36,0,36,31.0
2025-10-08,FASTENERS,59,0,59,34.0
2025-10-09,FASTENERS,26,0,26,29.0
2025-10-10,FASTENERS,8,0,8,28.142857142857142
2025-10-11,FASTENERS,68,0,68,35.285714285714285
2025-10-12,FASTENERS,15,0,15,33.0
2025-10-13,FASTENERS,55,0,55,38.142857142857146
2025-10-14,FASTENERS,9,0,9,34.285714285714285
2025-10-15,FASTENERS,55,0,55,33.714285714285715
2025-10-16,FASTENERS,59,8,51,37.285714285714285
2025-10-17,FASTENERS,43,0,43,42.285714285714285
2025-10-18,FASTENERS,25,0,25,36.142857142857146
2025-10-19,FASTENERS,44,0,44,40.285714285714285
2025-10-20,FASTENERS,35,0,35,37.42857142857143
2025-10-21,FASTENERS,25,0,25,39.71428571428572
2025-10-22,FASTENERS,54,0,54,39.57142857142857
2025-10-23,FASTENERS,10,0,10,33.714285714285715
2025-10-24,FASTENERS,54,0,54,35.285714285714285
2025-10-25,FASTENERS,35,0,35,36.71428571428572
2025-10-26,FASTENERS,58,0,58,38.71428571428572
2025-10-27,FASTENERS,15,1,14,35.714285714285715
2025-10-28,FASTENERS,61,3,58,40.42857142857143
2025-10-29,FASTENERS,62,0,62,41.57142857142857
2025-10-30,FASTENERS,33,0,33,44.85714285714285
2025-10-31,FASTENERS,62,9,53,44.71428571428572
2025-11-01,FASTENERS,31,0,31,44.142857142857146
2025-11-02,FASTENERS,33,0,33,40.57142857142857
2025-11-03,FASTENERS,21,0,21,41.57142857142857
2025-11-04,FASTENERS,35,0,35,38.285714285714285
2025-11-05,FASTENERS,16,0,16,31.714285714285715
2025-11-06,FASTENERS,29,0,29,31.142857142857142
2025-11-07,FASTENERS,10,0,10,25.0
2025-11-08,FASTENERS,72,0,72,30.857142857142858
2025-11-09,FASTENERS,19,0,19,28.857142857142858
2025-11-10,FASTENERS,15,0,15,28.0
2025-11-11,FASTENERS,31,0,31,27.428571428571427
2025-11-12,FASTENERS,28,0,28,29.142857142857142
2025-11-13,FASTENERS,43,0,43,31.142857142857142
2025-11-14,FASTENERS,13,0,13,31.571428571428573
2025-11-15,FASTENERS,38,0,38,26.714285714285715
2025-11-16,FASTENERS,28,7,21,27.0
2025-11-17,FASTENERS,20,0,20,27.714285714285715
2025-11-18,FASTENERS,21,0,21,26.285714285714285
2025-11-19,FASTENERS,38,6,32,26.857142857142858
2025-11-20,FASTENERS,54,5,49,27.714285714285715
2025-11-21,FASTENERS,54,0,54,33.57142857142857
2025-11-22,FASTENERS,27,0,27,32.0
2025-11-23,FASTENERS,12,0,12,30.714285714285715
2025-11-24,FASTENERS,9,0,9,29.142857142857142
2025-11-25,FASTENERS,40,0,40,31.857142857142858
2025-11-26,FASTENERS,57,0,57,35.42857142857143
2025-11-27,FASTENERS,44,0,44,34.714285714285715
2025-11-28,FASTENERS,49,0,49,34.0
2025-11-29,FASTENERS,49,1,48,37.0
2025-11-30,FASTENERS,24,0,24,38.71428571428572
2025-12-01,FASTENERS,31,0,31,41.85714285714285
2025-12-02,FASTENERS,17,0,17,38.57142857142857
2025-12-03,FASTENERS,62,0,62,39.285714285714285
2025-12-04,FASTENERS,71,8,63,42.0
2025-12-05,FASTENERS,59,0,59,43.42857142857143
2025-12-06,FASTENERS,26,0,26,40.285714285714285
2025-12-07,FASTENERS,42,0,42,42.85714285714285
2025-12-08,FASTENERS,25,10,15,40.57142857142857
2025-12-09,FASTENERS,9,0,9,39.42857142857143
2025-12-10,FASTENERS,26,0,26,34.285714285714285
2025-12-11,FASTENERS,9,0,9,26.571428571428573
2025-12-12,FASTENERS,25,0,25,21.714285714285715
2025-12-13,FASTENERS,38,0,38,23.428571428571427
2025-12-14,FASTENERS,45,0,45,23.857142857142858
2025-12-15,FASTENERS,11,0,11,23.285714285714285
2025-12-16,FASTENERS,57,0,57,30.142857142857142
2025-12-17,FASTENERS,28,0,28,30.428571428571427
2025-12-18,FASTENERS,14,0,14,31.142857142857142
2025-12-19,FASTENERS,56,3,53,35.142857142857146
2025-12-20,FASTENERS,48,0,48,36.57142857142857
2025-12-21,FASTENERS,45,0,45,36.57142857142857
2025-12-22,FASTENERS,28,0,28,39.0
2025-12-23,FASTENERS,61,0,61,39.57142857142857
2025-12-24,FASTENERS,46,0,46,42.142857142857146
2025-12-25,FASTENERS,43,4,39,45.71428571428572
2025-12-26,FASTENERS,47,0,47,44.85714285714285
2025-12-27,FASTENERS,35,0,35,43.0
2025-12-28,FASTENERS,40,0,40,42.285714285714285
2025-12-29,FASTENERS,30,0,30,42.57142857142857
2025-12-30,FASTENERS,34,0,34,38.71428571428572
2025-12-31,FASTENERS,33,0,33,36.85714285714285
2026-01-01,FASTENERS,44,0,44,37.57142857142857
2026-01-02,FASTENERS,27,5,22,34.0
2026-01-03,FASTENERS,51,0,51,36.285714285714285
2026-01-04,FASTENERS,48,0,48,37.42857142857143
2026-01-05,FASTENERS,47,0,47,39.85714285714285
2026-01-06,FASTENERS,4,0,4,35.57142857142857
2026-01-07,FASTENERS,40,0,40,36.57142857142857
2026-01-08,FASTENERS,31,0,31,34.714285714285715
2026-01-09,FASTENERS,41,0,41,37.42857142857143
2026-01-10,FASTENERS,45,2,43,36.285714285714285
2026-01-11,FASTENERS,56,0,56,37.42857142857143
2026-01-12,FASTENERS,34,0,34,35.57142857142857
2026-01-13,FASTENERS,54,0,54,42.71428571428572
2026-01-14,FASTENERS,73,0,73,47.42857142857143
2026-01-15,FASTENERS,37,0,37,48.285714285714285
2026-01-16,FASTENERS,53,0,53,50.0
2026-01-17,FASTENERS,33,0,33,48.57142857142857
2026-01-18,FASTENERS,69,0,69,50.42857142857143
2026-01-19,FASTENERS,34,0,34,50.42857142857143
2026-01-20,FASTENERS,32,0,32,47.285714285714285
2026-01-21,FASTENERS,29,0,29,41.0
2026-01-22,FASTENERS,49,0,49,42.71428571428572
2026-01-23,FASTENERS,53,0,53,42.71428571428572
2026-01-24,FASTENERS,75,0,75,48.71428571428572
2026-01-25,FASTENERS,27,0,27,42.71428571428572
2026-01-26,FASTENERS,23,0,23,41.142857142857146
2026-01-27,FASTENERS,38,0,38,42.0
2026-01-28,FASTENERS,26,0,26,41.57142857142857
2026-01-29,FASTENERS,29,0,29,38.71428571428572
2026-01-30,FASTENERS,12,0,12,32.857142857142854
2026-01-31,FASTENERS,26,0,26,25.857142857142858
2026-02-01,FASTENERS,86,0,86,34.285714285714285
2026-02-02,FASTENERS,11,0,11,32.57142857142857
2026-02-03,FASTENERS,56,8,48,34.0
2026-02-04,FASTENERS,28,0,28,34.285714285714285
2026-02-05,FASTENERS,31,0,31,34.57142857142857
2026-02-06,FASTENERS,55,0,55,40.71428571428572
2026-02-07,FASTENERS,46,4,42,43.0
2026-02-08,FASTENERS,32,0,32,35.285714285714285
2026-02-09,FASTENERS,60,0,60,42.285714285714285
2026-02-10,FASTENERS,94,0,94,48.85714285714285
2026-02-11,FASTENERS,53,0,53,52.42857142857143
2026-02-12,FASTENERS,74,0,74,58.57142857142857
2026-02-13,FASTENERS,7,0,7,51.71428571428572
2026-02-14,FASTENERS,51,0,51,53.0
2026-02-15,FASTENERS,23,0,23,51.71428571428572
2026-02-16,FASTENERS,32,0,32,47.71428571428572
2026-02-17,FASTENERS,31,8,23,37.57142857142857
2026-02-18,FASTENERS,64,0,64,39.142857142857146
2026-02-19,FASTENERS,48,0,48,35.42857142857143
2026-02-20,FASTENERS,31,6,25,38.0
2026-02-21,FASTENERS,39,0,39,36.285714285714285
2026-02-22,FASTENERS,21,0,21,36.0
2026-02-23,FASTENERS,70,0,70,41.42857142857143
2026-02-24,FASTENERS,41,0,41,44.0
2026-02-25,FASTENERS,25,0,25,38.42857142857143
2026-02-26,FASTENERS,22,0,22,34.714285714285715
2026-02-27,FASTENERS,82,0,82,42.85714285714285
2026-02-28,FASTENERS,58,9,49,44.285714285714285
2026-03-01,FASTENERS,36,0,36,46.42857142857143
2026-03-02,FASTENERS,42,0,42,42.42857142857143
2026-03-03,FASTENERS,57,0,57,44.71428571428572
2026-03-04,FASTENERS,70,0,70,51.142857142857146
2026-03-05,FASTENERS,27,0,27,51.85714285714285
2026-03-06,FASTENERS,59,4,55,48.0
2026-03-07,FASTENERS,11,0,11,42.57142857142857
2026-03-08,FASTENERS,64,0,64,46.57142857142857
2026-03-09,FASTENERS,48,5,43,46.71428571428572
2026-03-10,FASTENERS,50,0,50,45.71428571428572
2026-03-11,FASTENERS,8,0,8,36.85714285714285
2026-03-12,FASTENERS,57,3,54,40.71428571428572
2026-03-13,FASTENERS,38,0,38,38.285714285714285
2026-03-14,FASTENERS,6,0,6,37.57142857142857
2026-03-15,FASTENERS,58,1,57,36.57142857142857
2026-03-16,FASTENERS,20,0,20,33.285714285714285
2026-03-17,FASTENERS,22,0,22,29.285714285714285
2026-03-18,FASTENERS,65,0,65,37.42857142857143
2026-03-19,FASTENERS,34,0,34,34.57142857142857
2026-03-20,FASTENERS,46,0,46,35.714285714285715
2026-03-21,FASTENERS,15,0,15,37.0
2026-03-22,FASTENERS,25,0,25,32.42857142857143
2026-03-23,FASTENERS,30,0,30,33.857142857142854
2026-03-24,FASTENERS,45,0,45,37.142857142857146
2026-03-25,FASTENERS,35,0,35,32.857142857142854
2026-03-26,FASTENERS,20,0,20,30.857142857142858
2026-03-27,FASTENERS,19,0,19,27.0
2026-03-28,FASTENERS,24,0,24,28.285714285714285
2026-03-29,FASTENERS,5,0,5,25.428571428571427
2026-03-30,FASTENERS,59,0,59,29.571428571428573
2026-03-31,FASTENERS,43,0,43,29.285714285714285
2026-04-01,FASTENERS,30,0,30,28.571428571428573
2026-04-02,FASTENERS,24,0,24,29.142857142857142
2026-04-03,FASTENERS,29,0,29,30.571428571428573
2026-04-04,FASTENERS,44,13,31,31.571428571428573
2026-04-05,FASTENERS,35,0,35,35.857142857142854
2026-04-06,FASTENERS,26,0,26,31.142857142857142
2026-04-07,FASTENERS,51,0,51,32.285714285714285
2026-04-08,FASTENERS,42,0,42,34.0
2026-04-09,FASTENERS,35,0,35,35.57142857142857
2026-04-10,FASTENERS,19,0,19,34.142857142857146
2026-04-11,FASTENERS,36,7,29,33.857142857142854
2026-04-12,FASTENERS,50,0,50,36.0
2026-04-13,FASTENERS,79,0,79,43.57142857142857
2026-04-14,FASTENERS,17,0,17,38.71428571428572
2026-04-15,FASTENERS,31,0,31,37.142857142857146
2026-04-16,FASTENERS,76,0,76,43.0
2026-04-17,FASTENERS,39,0,39,45.85714285714285
2026-04-18,FASTENERS,9,0,9,43.0
2026-04-19,FASTENERS,43,0,43,42.0
2026-04-20,FASTENERS,47,0,47,37.42857142857143
2026-04-21,FASTENERS,19,0,19,37.71428571428572
2026-04-22,FASTENERS,56,0,56,41.285714285714285
2026-04-23,FASTENERS,49,0,49,37.42857142857143
2026-04-24,FASTENERS,44,0,44,38.142857142857146
2026-04-25,FASTENERS,14,0,14,38.85714285714285
2026-04-26,FASTENERS,62,0,62,41.57142857142857
2026-04-27,FASTENERS,37,0,37,40.142857142857146
2026-04-28,FASTENERS,17,0,17,39.85714285714285
2026-04-29,FASTENERS,9,0,9,33.142857142857146
2026-04-30,FASTENERS,36,0,36,31.285714285714285
2026-05-01,FASTENERS,18,0,18,27.571428571428573
2026-05-02,FASTENERS,23,0,23,28.857142857142858
2026-05-03,FASTENERS,9,0,9,21.285714285714285
2026-05-04,FASTENERS,44,0,44,22.285714285714285
2026-05-05,FASTENERS,81,0,81,31.428571428571427
2026-05-06,FASTENERS,33,0,33,34.857142857142854
2026-05-07,FASTENERS,43,0,43,35.857142857142854
2026-05-08,FASTENERS,58,0,58,41.57142857142857
2026-05-09,FASTENERS,32,0,32,42.85714285714285
2026-05-10,FASTENERS,23,0,23,44.85714285714285
2026-05-11,FASTENERS,23,4,19,41.285714285714285
2026-05-12,FASTENERS,10,0,10,31.142857142857142
2026-05-13,FASTENERS,29,0,29,30.571428571428573
2026-05-14,FASTENERS,71,0,71,34.57142857142857
2026-05-15,FASTENERS,35,0,35,31.285714285714285
2026-05-16,FASTENERS,43,0,43,32.857142857142854
2026-05-17,FASTENERS,68,0,68,39.285714285714285
2026-05-18,FASTENERS,31,0,31,41.0
2026-05-19,FASTENERS,51,0,51,46.85714285714285
2026-05-20,FASTENERS,64,4,60,51.285714285714285
2026-05-21,FASTENERS,55,0,55,49.0
2026-05-22,FASTENERS,60,0,60,52.57142857142857
2026-05-23,FASTENERS,30,0,30,50.71428571428572
2026-05-24,FASTENERS,41,0,41,46.85714285714285
2026-05-25,FASTENERS,23,0,23,45.71428571428572
2026-05-26,FASTENERS,45,0,45,44.85714285714285
2026-05-27,FASTENERS,52,0,52,43.71428571428572
2026-05-28,FASTENERS,33,0,33,40.57142857142857
2026-05-29,FASTENERS,33,0,33,36.71428571428572
2026-05-30,FASTENERS,76,4,72,42.71428571428572
2026-05-31,FASTENERS,74,0,74,47.42857142857143
2026-06-01,FASTENERS,20,0,20,47.0
2026-06-02,FASTENERS,27,0,27,44.42857142857143
2026-06-03,FASTENERS,52,0,52,44.42857142857143
2026-06-04,FASTENERS,17,0,17,42.142857142857146
2026-06-05,FASTENERS,26,0,26,41.142857142857146
2026-06-06,FASTENERS,43,0,43,37.0
2026-06-07,FASTENERS,45,0,45,32.857142857142854
2026-06-08,FASTENERS,23,0,23,33.285714285714285
2026-06-09,FASTENERS,15,0,15,31.571428571428573
2026-06-10,FASTENERS,31,0,31,28.571428571428573
2026-06-11,FASTENERS,25,0,25,29.714285714285715
2026-06-12,FASTENERS,25,0,25,29.571428571428573
2026-06-13,FASTENERS,41,0,41,29.285714285714285
2026-06-14,FASTENERS,18,0,18,25.428571428571427
2026-06-15,FASTENERS,24,0,24,25.571428571428573
2026-06-16,FASTENERS,76,3,73,33.857142857142854
2026-06-17,FASTENERS,14,0,14,31.428571428571427
2026-06-18,FASTENERS,56,0,56,35.857142857142854
2026-06-19,FASTENERS,22,0,22,35.42857142857143
2026-06-20,FASTENERS,45,0,45,36.0
2026-06-21,FASTENERS,79,0,79,44.71428571428572
2026-06-22,FASTENERS,16,6,10,42.71428571428572
2026-06-23,FASTENERS,50,0,50,39.42857142857143
2026-06-24,FASTENERS,54,0,54,45.142857142857146
2026-06-25,FASTENERS,29,0,29,41.285714285714285
2026-06-26,FASTENERS,23,0,23,41.42857142857143
2026-06-27,FASTENERS,83,2,81,46.57142857142857
2026-06-28,FASTENERS,24,0,24,38.71428571428572
2026-06-29,FASTENERS,10,0,10,38.71428571428572
2026-06-30,FASTENERS,73,0,73,42.0
2026-07-01,FASTENERS,76,0,76,45.142857142857146
2026-07-02,FASTENERS,85,8,77,52.0
2026-07-03,FASTENERS,42,0,42,54.71428571428572
2026-07-04,FASTENERS,35,9,26,46.85714285714285
2026-07-05,FASTENERS,5,0,5,44.142857142857146
2026-07-06,FASTENERS,79,0,79,54.0
2026-07-07,FASTENERS,17,7,10,45.0
2026-07-08,FASTENERS,44,0,44,40.42857142857143
2026-07-09,FASTENERS,50,0,50,36.57142857142857
2026-07-10,FASTENERS,30,0,30,34.857142857142854
2026-07-11,FASTENERS,56,0,56,39.142857142857146
2026-07-12,FASTENERS,47,0,47,45.142857142857146
2026-07-13,FASTENERS,48,0,48,40.71428571428572
2026-07-14,FASTENERS,78,0,78,50.42857142857143
2026-07-15,FASTENERS,40,0,40,49.85714285714285
2026-07-16,FASTENERS,57,0,57,50.85714285714285
2026-07-17,FASTENERS,79,0,79,57.85714285714285
2026-07-18,FASTENERS,51,0,51,57.142857142857146
2026-07-19,FASTENERS,43,0,43,56.57142857142857
2026-07-20,FASTENERS,38,0,38,55.142857142857146
2026-07-21,FASTENERS,48,0,48,50.85714285714285
2026-07-22,FASTENERS,39,0,39,50.71428571428572
2026-07-23,FASTENERS,41,0,41,48.42857142857143
2026-07-24,FASTENERS,26,0,26,40.85714285714285
2026-07-25,FASTENERS,8,0,8,34.714285714285715
2026-07-26,FASTENERS,44,0,44,34.857142857142854
2026-07-27,FASTENERS,58,0,58,37.71428571428572
2025-09-01,FILTERS,15,0,15,15.0
2025-09-02,FILTERS,39,4,35,25.0
2025-09-03,FILTERS,36,4,32,27.33333333333333
2025-09-04,FILTERS,21,0,21,25.75
2025-09-05,FILTERS,42,3,39,28.4
2025-09-06,FILTERS,13,1,12,25.666666666666668
2025-09-07,FILTERS,18,0,18,24.571428571428573
2025-09-08,FILTERS,49,6,43,28.571428571428573
2025-09-09,FILTERS,24,3,21,26.571428571428573
2025-09-10,FILTERS,64,0,64,31.142857142857142
2025-09-11,FILTERS,32,4,28,32.142857142857146
2025-09-12,FILTERS,34,0,34,31.428571428571427
2025-09-13,FILTERS,17,0,17,32.142857142857146
2025-09-14,FILTERS,54,0,54,37.285714285714285
2025-09-15,FILTERS,22,0,22,34.285714285714285
2025-09-16,FILTERS,31,0,31,35.714285714285715
2025-09-17,FILTERS,23,0,23,29.857142857142858
2025-09-18,FILTERS,16,0,16,28.142857142857142
2025-09-19,FILTERS,23,0,23,26.571428571428573
2025-09-20,FILTERS,19,0,19,26.857142857142858
2025-09-21,FILTERS,11,6,5,19.857142857142858
2025-09-22,FILTERS,33,0,33,21.428571428571427
2025-09-23,FILTERS,3,0,3,17.428571428571427
2025-09-24,FILTERS,22,0,22,17.285714285714285
2025-09-25,FILTERS,22,7,15,17.142857142857142
2025-09-26,FILTERS,6,0,6,14.714285714285714
2025-09-27,FILTERS,26,0,26,15.714285714285714
2025-09-28,FILTERS,46,0,46,21.571428571428573
2025-09-29,FILTERS,5,0,5,17.571428571428573
2025-09-30,FILTERS,49,0,49,24.142857142857142
2025-10-01,FILTERS,13,0,13,22.857142857142858
2025-10-02,FILTERS,33,6,27,24.571428571428573
2025-10-03,FILTERS,61,0,61,32.42857142857143
2025-10-04,FILTERS,27,10,17,31.142857142857142
2025-10-05,FILTERS,24,0,24,28.0
2025-10-06,FILTERS,15,0,15,29.428571428571427
2025-10-07,FILTERS,43,2,41,28.285714285714285
2025-10-08,FILTERS,7,0,7,27.428571428571427
2025-10-09,FILTERS,24,0,24,27.0
2025-10-10,FILTERS,24,0,24,21.714285714285715
2025-10-11,FILTERS,31,5,26,23.0
2025-10-12,FILTERS,56,7,49,26.571428571428573
2025-10-13,FILTERS,16,0,16,26.714285714285715
2025-10-14,FILTERS,14,0,14,22.857142857142858
2025-10-15,FILTERS,41,0,41,27.714285714285715
2025-10-16,FILTERS,63,10,53,31.857142857142858
2025-10-17,FILTERS,40,0,40,34.142857142857146
2025-10-18,FILTERS,12,8,4,31.0
2025-10-19,FILTERS,39,0,39,29.571428571428573
2025-10-20,FILTERS,43,1,42,33.285714285714285
2025-10-21,FILTERS,25,0,25,34.857142857142854
2025-10-22,FILTERS,14,0,14,31.0
2025-10-23,FILTERS,45,1,44,29.714285714285715
2025-10-24,FILTERS,33,0,33,28.714285714285715
2025-10-25,FILTERS,32,0,32,32.714285714285715
2025-10-26,FILTERS,12,0,12,28.857142857142858
2025-10-27,FILTERS,16,3,13,24.714285714285715
2025-10-28,FILTERS,20,0,20,24.0
2025-10-29,FILTERS,23,0,23,25.285714285714285
2025-10-30,FILTERS,19,0,19,21.714285714285715
2025-10-31,FILTERS,48,0,48,23.857142857142858
2025-11-01,FILTERS,20,0,20,22.142857142857142
2025-11-02,FILTERS,7,0,7,21.428571428571427
2025-11-03,FILTERS,30,0,30,23.857142857142858
2025-11-04,FILTERS,40,2,38,26.428571428571427
2025-11-05,FILTERS,3,0,3,23.571428571428573
2025-11-06,FILTERS,20,5,15,23.0
2025-11-07,FILTERS,19,4,15,18.285714285714285
2025-11-08,FILTERS,21,0,21,18.428571428571427
2025-11-09,FILTERS,21,5,16,19.714285714285715
2025-11-10,FILTERS,29,0,29,19.571428571428573
2025-11-11,FILTERS,15,0,15,16.285714285714285
2025-11-12,FILTERS,34,0,34,20.714285714285715
2025-11-13,FILTERS,10,0,10,20.0
2025-11-14,FILTERS,26,0,26,21.571428571428573
2025-11-15,FILTERS,7,0,7,19.571428571428573
2025-11-16,FILTERS,11,4,7,18.285714285714285
2025-11-17,FILTERS,29,0,29,18.285714285714285
2025-11-18,FILTERS,6,0,6,17.0
2025-11-19,FILTERS,23,0,23,15.428571428571429
2025-11-20,FILTERS,22,0,22,17.142857142857142
2025-11-21,FILTERS,13,0,13,15.285714285714286
2025-11-22,FILTERS,36,3,33,19.0
2025-11-23,FILTERS,43,3,40,23.714285714285715
2025-11-24,FILTERS,19,0,19,22.285714285714285
2025-11-25,FILTERS,43,0,43,27.571428571428573
2025-11-26,FILTERS,49,0,49,31.285714285714285
2025-11-27,FILTERS,28,0,28,32.142857142857146
2025-11-28,FILTERS,15,8,7,31.285714285714285
2025-11-29,FILTERS,50,0,50,33.714285714285715
2025-11-30,FILTERS,26,0,26,31.714285714285715
2025-12-01,FILTERS,13,0,13,30.857142857142858
2025-12-02,FILTERS,31,0,31,29.142857142857142
2025-12-03,FILTERS,27,1,26,25.857142857142858
2025-12-04,FILTERS,23,0,23,25.142857142857142
2025-12-05,FILTERS,42,0,42,30.142857142857142
2025-12-06,FILTERS,26,0,26,26.714285714285715
2025-12-07,FILTERS,68,4,64,32.142857142857146
2025-12-08,FILTERS,21,0,21,33.285714285714285
2025-12-09,FILTERS,61,12,49,35.857142857142854
2025-12-10,FILTERS,3,0,3,32.57142857142857
2025-12-11,FILTERS,31,0,31,33.714285714285715
2025-12-12,FILTERS,28,2,26,31.428571428571427
2025-12-13,FILTERS,17,0,17,30.142857142857142
2025-12-14,FILTERS,24,2,22,24.142857142857142
2025-12-15,FILTERS,20,0,20,24.0
2025-12-16,FILTERS,31,0,31,21.428571428571427
2025-12-17,FILTERS,19,0,19,23.714285714285715
2025-12-18,FILTERS,33,0,33,24.0
2025-12-19,FILTERS,3,0,3,20.714285714285715
2025-12-20,FILTERS,46,5,41,24.142857142857142
2025-12-21,FILTERS,24,0,24,24.428571428571427
2025-12-22,FILTERS,41,9,32,26.142857142857142
2025-12-23,FILTERS,18,0,18,24.285714285714285
2025-12-24,FILTERS,48,0,48,28.428571428571427
2025-12-25,FILTERS,9,9,0,23.714285714285715
2025-12-26,FILTERS,37,0,37,28.571428571428573
2025-12-27,FILTERS,22,0,22,25.857142857142858
2025-12-28,FILTERS,21,4,17,24.857142857142858
2025-12-29,FILTERS,0,0,0,20.285714285714285
2025-12-30,FILTERS,7,0,7,18.714285714285715
2025-12-31,FILTERS,42,0,42,17.857142857142858
2026-01-01,FILTERS,26,0,26,21.571428571428573
2026-01-02,FILTERS,6,0,6,17.142857142857142
2026-01-03,FILTERS,23,0,23,17.285714285714285
2026-01-04,FILTERS,17,0,17,17.285714285714285
2026-01-05,FILTERS,49,0,49,24.285714285714285
2026-01-06,FILTERS,36,0,36,28.428571428571427
2026-01-07,FILTERS,49,4,45,28.857142857142858
2026-01-08,FILTERS,4,0,4,25.714285714285715
2026-01-09,FILTERS,36,0,36,30.0
2026-01-10,FILTERS,25,0,25,30.285714285714285
2026-01-11,FILTERS,15,0,15,30.0
2026-01-12,FILTERS,37,0,37,28.285714285714285
2026-01-13,FILTERS,46,5,41,29.0
2026-01-14,FILTERS,5,0,5,23.285714285714285
2026-01-15,FILTERS,14,0,14,24.714285714285715
2026-01-16,FILTERS,17,0,17,22.0
2026-01-17,FILTERS,30,5,25,22.0
2026-01-18,FILTERS,35,0,35,24.857142857142858
2026-01-19,FILTERS,57,0,57,27.714285714285715
2026-01-20,FILTERS,34,0,34,26.714285714285715
2026-01-21,FILTERS,8,0,8,27.142857142857142
2026-01-22,FILTERS,12,0,12,26.857142857142858
2026-01-23,FILTERS,58,4,54,32.142857142857146
2026-01-24,FILTERS,30,0,30,32.857142857142854
2026-01-25,FILTERS,26,0,26,31.571428571428573
2026-01-26,FILTERS,25,0,25,27.0
2026-01-27,FILTERS,31,0,31,26.571428571428573
2026-01-28,FILTERS,26,3,23,28.714285714285715
2026-01-29,FILTERS,25,0,25,30.571428571428573
2026-01-30,FILTERS,19,0,19,25.571428571428573
2026-01-31,FILTERS,47,0,47,28.0
2026-02-01,FILTERS,33,1,32,28.857142857142858
2026-02-02,FILTERS,16,3,13,27.142857142857142
2026-02-03,FILTERS,0,0,0,22.714285714285715
2026-02-04,FILTERS,29,13,16,21.714285714285715
2026-02-05,FILTERS,18,0,18,20.714285714285715
2026-02-06,FILTERS,37,2,35,23.0
2026-02-07,FILTERS,29,3,26,20.0
2026-02-08,FILTERS,34,0,34,20.285714285714285
2026-02-09,FILTERS,27,1,26,22.142857142857142
2026-02-10,FILTERS,15,0,15,24.285714285714285
2026-02-11,FILTERS,18,0,18,24.571428571428573
2026-02-12,FILTERS,22,2,20,24.857142857142858
2026-02-13,FILTERS,58,2,56,27.857142857142858
2026-02-14,FILTERS,11,0,11,25.714285714285715
2026-02-15,FILTERS,47,4,43,27.0
2026-02-16,FILTERS,38,0,38,28.714285714285715
2026-02-17,FILTERS,28,2,26,30.285714285714285
2026-02-18,FILTERS,54,7,47,34.42857142857143
2026-02-19,FILTERS,40,9,31,36.0
2026-02-20,FILTERS,48,0,48,34.857142857142854
2026-02-21,FILTERS,52,0,52,40.71428571428572
2026-02-22,FILTERS,27,0,27,38.42857142857143
2026-02-23,FILTERS,23,0,23,36.285714285714285
2026-02-24,FILTERS,36,0,36,37.71428571428572
2026-02-25,FILTERS,27,0,27,34.857142857142854
2026-02-26,FILTERS,38,0,38,35.857142857142854
2026-02-27,FILTERS,19,0,19,31.714285714285715
2026-02-28,FILTERS,3,0,3,24.714285714285715
2026-03-01,FILTERS,18,0,18,23.428571428571427
2026-03-02,FILTERS,13,0,13,22.0
2026-03-03,FILTERS,16,0,16,19.142857142857142
2026-03-04,FILTERS,29,0,29,19.428571428571427
2026-03-05,FILTERS,6,0,6,14.857142857142858
2026-03-06,FILTERS,25,0,25,15.714285714285714
2026-03-07,FILTERS,47,0,47,22.0
2026-03-08,FILTERS,63,0,63,28.428571428571427
2026-03-09,FILTERS,34,6,28,30.571428571428573
2026-03-10,FILTERS,21,5,16,30.571428571428573
2026-03-11,FILTERS,31,0,31,30.857142857142858
2026-03-12,FILTERS,27,0,27,33.857142857142854
2026-03-13,FILTERS,44,0,44,36.57142857142857
2026-03-14,FILTERS,50,0,50,37.0
2026-03-15,FILTERS,16,0,16,30.285714285714285
2026-03-16,FILTERS,29,0,29,30.428571428571427
2026-03-17,FILTERS,57,0,57,36.285714285714285
2026-03-18,FILTERS,28,0,28,35.857142857142854
2026-03-19,FILTERS,59,0,59,40.42857142857143
2026-03-20,FILTERS,24,0,24,37.57142857142857
2026-03-21,FILTERS,42,0,42,36.42857142857143
2026-03-22,FILTERS,62,5,57,42.285714285714285
2026-03-23,FILTERS,0,0,0,38.142857142857146
2026-03-24,FILTERS,29,0,29,34.142857142857146
2026-03-25,FILTERS,65,5,60,38.71428571428572
2026-03-26,FILTERS,34,0,34,35.142857142857146
2026-03-27,FILTERS,20,0,20,34.57142857142857
2026-03-28,FILTERS,41,0,41,34.42857142857143
2026-03-29,FILTERS,56,7,49,33.285714285714285
2026-03-30,FILTERS,43,0,43,39.42857142857143
2026-03-31,FILTERS,39,6,33,40.0
2026-04-01,FILTERS,18,0,18,34.0
2026-04-02,FILTERS,36,0,36,34.285714285714285
2026-04-03,FILTERS,20,0,20,34.285714285714285
2026-04-04,FILTERS,53,0,53,36.0
2026-04-05,FILTERS,28,1,27,32.857142857142854
2026-04-06,FILTERS,59,5,54,34.42857142857143
2026-04-07,FILTERS,8,0,8,30.857142857142858
2026-04-08,FILTERS,40,0,40,34.0
2026-04-09,FILTERS,44,3,41,34.714285714285715
2026-04-10,FILTERS,44,4,40,37.57142857142857
2026-04-11,FILTERS,24,9,15,32.142857142857146
2026-04-12,FILTERS,15,3,12,30.0
2026-04-13,FILTERS,9,0,9,23.571428571428573
2026-04-14,FILTERS,64,3,61,31.142857142857142
2026-04-15,FILTERS,70,0,70,35.42857142857143
2026-04-16,FILTERS,13,0,13,31.428571428571427
2026-04-17,FILTERS,20,0,20,28.571428571428573
2026-04-18,FILTERS,17,0,17,28.857142857142858
2026-04-19,FILTERS,3,0,3,27.571428571428573
2026-04-20,FILTERS,36,0,36,31.428571428571427
2026-04-21,FILTERS,24,0,24,26.142857142857142
2026-04-22,FILTERS,16,0,16,18.428571428571427
2026-04-23,FILTERS,6,0,6,17.428571428571427
2026-04-24,FILTERS,23,0,23,17.857142857142858
2026-04-25,FILTERS,48,0,48,22.285714285714285
2026-04-26,FILTERS,46,1,45,28.285714285714285
2026-04-27,FILTERS,35,3,32,27.714285714285715
2026-04-28,FILTERS,20,0,20,27.142857142857142
2026-04-29,FILTERS,27,1,26,28.571428571428573
2026-04-30,FILTERS,4,0,4,28.285714285714285
2026-05-01,FILTERS,25,2,23,28.285714285714285
2026-05-02,FILTERS,41,3,38,26.857142857142858
2026-05-03,FILTERS,30,4,26,24.142857142857142
2026-05-04,FILTERS,35,0,35,24.571428571428573
2026-05-05,FILTERS,39,3,36,26.857142857142858
2026-05-06,FILTERS,34,7,27,27.0
2026-05-07,FILTERS,26,0,26,30.142857142857142
2026-05-08,FILTERS,21,0,21,29.857142857142858
2026-05-09,FILTERS,54,0,54,32.142857142857146
2026-05-10,FILTERS,27,3,24,31.857142857142858
2026-05-11,FILTERS,9,0,9,28.142857142857142
2026-05-12,FILTERS,29,4,25,26.571428571428573
2026-05-13,FILTERS,18,0,18,25.285714285714285
2026-05-14,FILTERS,25,5,20,24.428571428571427
2026-05-15,FILTERS,25,0,25,25.0
2026-05-16,FILTERS,25,5,20,20.142857142857142
2026-05-17,FILTERS,60,0,60,25.285714285714285
2026-05-18,FILTERS,37,0,37,29.285714285714285
2026-05-19,FILTERS,14,1,13,27.571428571428573
2026-05-20,FILTERS,13,0,13,26.857142857142858
2026-05-21,FILTERS,14,0,14,26.0
2026-05-22,FILTERS,0,0,0,22.428571428571427
2026-05-23,FILTERS,27,0,27,23.428571428571427
2026-05-24,FILTERS,16,0,16,17.142857142857142
2026-05-25,FILTERS,21,0,21,14.857142857142858
2026-05-26,FILTERS,45,0,45,19.428571428571427
2026-05-27,FILTERS,41,0,41,23.428571428571427
2026-05-28,FILTERS,39,0,39,27.0
2026-05-29,FILTERS,30,0,30,31.285714285714285
2026-05-30,FILTERS,34,0,34,32.285714285714285
2026-05-31,FILTERS,26,0,26,33.714285714285715
2026-06-01,FILTERS,18,0,18,33.285714285714285
2026-06-02,FILTERS,4,0,4,27.428571428571427
2026-06-03,FILTERS,27,0,27,25.428571428571427
2026-06-04,FILTERS,25,0,25,23.428571428571427
2026-06-05,FILTERS,36,0,36,24.285714285714285
2026-06-06,FILTERS,31,2,29,23.571428571428573
2026-06-07,FILTERS,27,0,27,23.714285714285715
2026-06-08,FILTERS,22,1,21,24.142857142857142
2026-06-09,FILTERS,16,0,16,25.857142857142858
2026-06-10,FILTERS,18,6,12,23.714285714285715
2026-06-11,FILTERS,28,0,28,24.142857142857142
2026-06-12,FILTERS,29,0,29,23.142857142857142
2026-06-13,FILTERS,34,0,34,23.857142857142858
2026-06-14,FILTERS,36,0,36,25.142857142857142
2026-06-15,FILTERS,38,0,38,27.571428571428573
2026-06-16,FILTERS,26,0,26,29.0
2026-06-17,FILTERS,42,8,34,32.142857142857146
2026-06-18,FILTERS,12,0,12,29.857142857142858
2026-06-19,FILTERS,31,0,31,30.142857142857142
2026-06-20,FILTERS,34,0,34,30.142857142857142
2026-06-21,FILTERS,19,1,18,27.571428571428573
2026-06-22,FILTERS,31,7,24,25.571428571428573
2026-06-23,FILTERS,18,1,17,24.285714285714285
2026-06-24,FILTERS,26,0,26,23.142857142857142
2026-06-25,FILTERS,37,0,37,26.714285714285715
2026-06-26,FILTERS,47,3,44,28.571428571428573
2026-06-27,FILTERS,10,0,10,25.142857142857142
2026-06-28,FILTERS,33,0,33,27.285714285714285
2026-06-29,FILTERS,5,0,5,24.571428571428573
2026-06-30,FILTERS,22,0,22,25.285714285714285
2026-07-01,FILTERS,27,0,27,25.428571428571427
2026-07-02,FILTERS,39,7,32,24.714285714285715
2026-07-03,FILTERS,20,0,20,21.285714285714285
2026-07-04,FILTERS,30,0,30,24.142857142857142
2026-07-05,FILTERS,19,4,15,21.571428571428573
2026-07-06,FILTERS,26,0,26,24.571428571428573
2026-07-07,FILTERS,67,0,67,31.0
2026-07-08,FILTERS,4,0,4,27.714285714285715
2026-07-09,FILTERS,42,0,42,29.142857142857142
2026-07-10,FILTERS,16,0,16,28.571428571428573
2026-07-11,FILTERS,20,0,20,27.142857142857142
2026-07-12,FILTERS,28,0,28,29.0
2026-07-13,FILTERS,27,0,27,29.142857142857142
2026-07-14,FILTERS,25,0,25,23.142857142857142
2026-07-15,FILTERS,25,4,21,25.571428571428573
2026-07-16,FILTERS,6,1,5,20.285714285714285
2026-07-17,FILTERS,14,4,10,19.428571428571427
2026-07-18,FILTERS,31,0,31,21.0
2026-07-19,FILTERS,47,0,47,23.714285714285715
2026-07-20,FILTERS,40,6,34,24.714285714285715
2026-07-21,FILTERS,31,0,31,25.571428571428573
2026-07-22,FILTERS,17,0,17,25.0
2026-07-23,FILTERS,41,0,41,30.142857142857142
2026-07-24,FILTERS,30,0,30,33.0
2026-07-25,FILTERS,23,0,23,31.857142857142858
2026-07-26,FILTERS,46,0,46,31.714285714285715
2026-07-27,FILTERS,24,0,24,30.285714285714285
2025-09-01,HYDRAULICS,5,3,2,2.0
2025-09-02,HYDRAULICS,18,0,18,10.0
2025-09-03,HYDRAULICS,16,0,16,12.0
2025-09-04,HYDRAULICS,10,0,10,11.5
2025-09-05,HYDRAULICS,6,0,6,10.4
2025-09-06,HYDRAULICS,15,0,15,11.166666666666666
2025-09-07,HYDRAULICS,15,0,15,11.714285714285714
2025-09-08,HYDRAULICS,19,2,17,13.857142857142858
2025-09-09,HYDRAULICS,6,0,6,12.142857142857142
2025-09-10,HYDRAULICS,29,0,29,14.0
2025-09-11,HYDRAULICS,14,0,14,14.571428571428571
2025-09-12,HYDRAULICS,20,0,20,16.571428571428573
2025-09-13,HYDRAULICS,21,0,21,17.428571428571427
2025-09-14,HYDRAULICS,11,0,11,16.857142857142858
2025-09-15,HYDRAULICS,20,2,18,17.0
2025-09-16,HYDRAULICS,27,0,27,20.0
2025-09-17,HYDRAULICS,31,0,31,20.285714285714285
2025-09-18,HYDRAULICS,24,0,24,21.714285714285715
2025-09-19,HYDRAULICS,9,0,9,20.142857142857142
2025-09-20,HYDRAULICS,16,0,16,19.428571428571427
2025-09-21,HYDRAULICS,23,0,23,21.142857142857142
2025-09-22,HYDRAULICS,27,0,27,22.428571428571427
2025-09-23,HYDRAULICS,19,0,19,21.285714285714285
2025-09-24,HYDRAULICS,5,0,5,17.571428571428573
2025-09-25,HYDRAULICS,14,4,10,15.571428571428571
2025-09-26,HYDRAULICS,31,0,31,18.714285714285715
2025-09-27,HYDRAULICS,12,2,10,17.857142857142858
2025-09-28,HYDRAULICS,25,0,25,18.142857142857142
2025-09-29,HYDRAULICS,24,1,23,17.571428571428573
2025-09-30,HYDRAULICS,30,0,30,19.142857142857142
2025-10-01,HYDRAULICS,10,0,10,19.857142857142858
2025-10-02,HYDRAULICS,9,0,9,19.714285714285715
2025-10-03,HYDRAULICS,26,5,21,18.285714285714285
2025-10-04,HYDRAULICS,42,0,42,22.857142857142858
2025-10-05,HYDRAULICS,14,2,12,21.0
2025-10-06,HYDRAULICS,14,1,13,19.571428571428573
2025-10-07,HYDRAULICS,8,3,5,16.0
2025-10-08,HYDRAULICS,17,0,17,17.0
2025-10-09,HYDRAULICS,16,0,16,18.0
2025-10-10,HYDRAULICS,21,0,21,18.0
2025-10-11,HYDRAULICS,14,0,14,14.0
2025-10-12,HYDRAULICS,16,1,15,14.428571428571429
2025-10-13,HYDRAULICS,10,0,10,14.0
2025-10-14,HYDRAULICS,11,2,9,14.571428571428571
2025-10-15,HYDRAULICS,2,0,2,12.428571428571429
2025-10-16,HYDRAULICS,10,5,5,10.857142857142858
2025-10-17,HYDRAULICS,18,2,16,10.142857142857142
2025-10-18,HYDRAULICS,20,0,20,11.0
2025-10-19,HYDRAULICS,19,0,19,11.571428571428571
2025-10-20,HYDRAULICS,15,0,15,12.285714285714286
2025-10-21,HYDRAULICS,27,0,27,14.857142857142858
2025-10-22,HYDRAULICS,19,3,16,16.857142857142858
2025-10-23,HYDRAULICS,12,0,12,17.857142857142858
2025-10-24,HYDRAULICS,20,0,20,18.428571428571427
2025-10-25,HYDRAULICS,13,0,13,17.428571428571427
2025-10-26,HYDRAULICS,18,0,18,17.285714285714285
2025-10-27,HYDRAULICS,13,0,13,17.0
2025-10-28,HYDRAULICS,22,2,20,16.0
2025-10-29,HYDRAULICS,20,0,20,16.571428571428573
2025-10-30,HYDRAULICS,15,0,15,17.0
2025-10-31,HYDRAULICS,7,0,7,15.142857142857142
2025-11-01,HYDRAULICS,10,0,10,14.714285714285714
2025-11-02,HYDRAULICS,13,0,13,14.0
2025-11-03,HYDRAULICS,14,1,13,14.0
2025-11-04,HYDRAULICS,19,0,19,13.857142857142858
2025-11-05,HYDRAULICS,27,0,27,14.857142857142858
2025-11-06,HYDRAULICS,22,3,19,15.428571428571429
2025-11-07,HYDRAULICS,31,0,31,18.857142857142858
2025-11-08,HYDRAULICS,16,0,16,19.714285714285715
2025-11-09,HYDRAULICS,20,3,17,20.285714285714285
2025-11-10,HYDRAULICS,22,1,21,21.428571428571427
2025-11-11,HYDRAULICS,37,1,36,23.857142857142858
2025-11-12,HYDRAULICS,24,0,24,23.428571428571427
2025-11-13,HYDRAULICS,26,2,24,24.142857142857142
2025-11-14,HYDRAULICS,22,0,22,22.857142857142858
2025-11-15,HYDRAULICS,11,0,11,22.142857142857142
2025-11-16,HYDRAULICS,12,0,12,21.428571428571427
2025-11-17,HYDRAULICS,10,0,10,19.857142857142858
2025-11-18,HYDRAULICS,39,1,38,20.142857142857142
2025-11-19,HYDRAULICS,13,0,13,18.571428571428573
2025-11-20,HYDRAULICS,39,0,39,20.714285714285715
2025-11-21,HYDRAULICS,3,0,3,18.0
2025-11-22,HYDRAULICS,7,0,7,17.428571428571427
2025-11-23,HYDRAULICS,19,0,19,18.428571428571427
2025-11-24,HYDRAULICS,9,0,9,18.285714285714285
2025-11-25,HYDRAULICS,13,0,13,14.714285714285714
2025-11-26,HYDRAULICS,5,0,5,13.571428571428571
2025-11-27,HYDRAULICS,21,0,21,11.0
2025-11-28,HYDRAULICS,48,0,48,17.428571428571427
2025-11-29,HYDRAULICS,8,0,8,17.571428571428573
2025-11-30,HYDRAULICS,21,0,21,17.857142857142858
2025-12-01,HYDRAULICS,31,0,31,21.0
2025-12-02,HYDRAULICS,5,0,5,19.857142857142858
2025-12-03,HYDRAULICS,19,0,19,21.857142857142858
2025-12-04,HYDRAULICS,9,0,9,20.142857142857142
2025-12-05,HYDRAULICS,6,0,6,14.142857142857142
2025-12-06,HYDRAULICS,13,0,13,14.857142857142858
2025-12-07,HYDRAULICS,20,2,18,14.428571428571429
2025-12-08,HYDRAULICS,26,0,26,13.714285714285714
2025-12-09,HYDRAULICS,5,0,5,13.714285714285714
2025-12-10,HYDRAULICS,20,0,20,13.857142857142858
2025-12-11,HYDRAULICS,20,0,20,15.428571428571429
2025-12-12,HYDRAULICS,15,0,15,16.714285714285715
2025-12-13,HYDRAULICS,29,2,27,18.714285714285715
2025-12-14,HYDRAULICS,5,0,5,16.857142857142858
2025-12-15,HYDRAULICS,6,0,6,14.0
2025-12-16,HYDRAULICS,26,0,26,17.0
2025-12-17,HYDRAULICS,30,2,28,18.142857142857142
2025-12-18,HYDRAULICS,4,0,4,15.857142857142858
2025-12-19,HYDRAULICS,14,0,14,15.714285714285714
2025-12-20,HYDRAULICS,10,1,9,13.142857142857142
2025-12-21,HYDRAULICS,14,0,14,14.428571428571429
2025-12-22,HYDRAULICS,23,0,23,16.857142857142858
2025-12-23,HYDRAULICS,35,0,35,18.142857142857142
2025-12-24,HYDRAULICS,29,0,29,18.285714285714285
2025-12-25,HYDRAULICS,29,0,29,21.857142857142858
2025-12-26,HYDRAULICS,22,0,22,23.0
2025-12-27,HYDRAULICS,20,0,20,24.571428571428573
2025-12-28,HYDRAULICS,19,0,19,25.285714285714285
2025-12-29,HYDRAULICS,32,1,31,26.428571428571427
2025-12-30,HYDRAULICS,27,0,27,25.285714285714285
2025-12-31,HYDRAULICS,11,0,11,22.714285714285715
2026-01-01,HYDRAULICS,22,0,22,21.714285714285715
2026-01-02,HYDRAULICS,20,0,20,21.428571428571427
2026-01-03,HYDRAULICS,32,3,29,22.714285714285715
2026-01-04,HYDRAULICS,16,0,16,22.285714285714285
2026-01-05,HYDRAULICS,13,0,13,19.714285714285715
2026-01-06,HYDRAULICS,14,0,14,17.857142857142858
2026-01-07,HYDRAULICS,7,0,7,17.285714285714285
2026-01-08,HYDRAULICS,6,0,6,15.0
2026-01-09,HYDRAULICS,21,0,21,15.142857142857142
2026-01-10,HYDRAULICS,8,0,8,12.142857142857142
2026-01-11,HYDRAULICS,9,3,6,10.714285714285714
2026-01-12,HYDRAULICS,38,0,38,14.285714285714286
2026-01-13,HYDRAULICS,8,0,8,13.428571428571429
2026-01-14,HYDRAULICS,26,0,26,16.142857142857142
2026-01-15,HYDRAULICS,3,0,3,15.714285714285714
2026-01-16,HYDRAULICS,35,3,32,17.285714285714285
2026-01-17,HYDRAULICS,20,4,16,18.428571428571427
2026-01-18,HYDRAULICS,9,2,7,18.571428571428573
2026-01-19,HYDRAULICS,9,0,9,14.428571428571429
2026-01-20,HYDRAULICS,15,0,15,15.428571428571429
2026-01-21,HYDRAULICS,8,0,8,12.857142857142858
2026-01-22,HYDRAULICS,16,0,16,14.714285714285714
2026-01-23,HYDRAULICS,15,1,14,12.142857142857142
2026-01-24,HYDRAULICS,22,0,22,13.0
2026-01-25,HYDRAULICS,4,0,4,12.571428571428571
2026-01-26,HYDRAULICS,14,0,14,13.285714285714286
2026-01-27,HYDRAULICS,11,1,10,12.571428571428571
2026-01-28,HYDRAULICS,17,0,17,13.857142857142858
2026-01-29,HYDRAULICS,34,2,32,16.142857142857142
2026-01-30,HYDRAULICS,18,0,18,16.714285714285715
2026-01-31,HYDRAULICS,14,1,13,15.428571428571429
2026-02-01,HYDRAULICS,14,0,14,16.857142857142858
2026-02-02,HYDRAULICS,19,0,19,17.571428571428573
2026-02-03,HYDRAULICS,14,4,10,17.571428571428573
2026-02-04,HYDRAULICS,21,5,16,17.428571428571427
2026-02-05,HYDRAULICS,31,1,30,17.142857142857142
2026-02-06,HYDRAULICS,19,1,18,17.142857142857142
2026-02-07,HYDRAULICS,6,0,6,16.142857142857142
2026-02-08,HYDRAULICS,23,0,23,17.428571428571427
2026-02-09,HYDRAULICS,26,0,26,18.428571428571427
2026-02-10,HYDRAULICS,21,0,21,20.0
2026-02-11,HYDRAULICS,28,0,28,21.714285714285715
2026-02-12,HYDRAULICS,15,0,15,19.571428571428573
2026-02-13,HYDRAULICS,2,0,2,17.285714285714285
2026-02-14,HYDRAULICS,0,0,0,16.428571428571427
2026-02-15,HYDRAULICS,20,0,20,16.0
2026-02-16,HYDRAULICS,14,1,13,14.142857142857142
2026-02-17,HYDRAULICS,7,0,7,12.142857142857142
2026-02-18,HYDRAULICS,8,0,8,9.285714285714286
2026-02-19,HYDRAULICS,28,0,28,11.142857142857142
2026-02-20,HYDRAULICS,16,4,12,12.571428571428571
2026-02-21,HYDRAULICS,22,0,22,15.714285714285714
2026-02-22,HYDRAULICS,10,0,10,14.285714285714286
2026-02-23,HYDRAULICS,2,0,2,12.714285714285714
2026-02-24,HYDRAULICS,21,0,21,14.714285714285714
2026-02-25,HYDRAULICS,20,0,20,16.428571428571427
2026-02-26,HYDRAULICS,16,2,14,14.428571428571429
2026-02-27,HYDRAULICS,18,0,18,15.285714285714286
2026-02-28,HYDRAULICS,17,3,14,14.142857142857142
2026-03-01,HYDRAULICS,12,1,11,14.285714285714286
2026-03-02,HYDRAULICS,25,0,25,17.571428571428573
2026-03-03,HYDRAULICS,2,1,1,14.714285714285714
2026-03-04,HYDRAULICS,13,0,13,13.714285714285714
2026-03-05,HYDRAULICS,18,0,18,14.285714285714286
2026-03-06,HYDRAULICS,16,0,16,14.0
2026-03-07,HYDRAULICS,15,0,15,14.142857142857142
2026-03-08,HYDRAULICS,28,2,26,16.285714285714285
2026-03-09,HYDRAULICS,15,1,14,14.714285714285714
2026-03-10,HYDRAULICS,12,0,12,16.285714285714285
2026-03-11,HYDRAULICS,14,0,14,16.428571428571427
2026-03-12,HYDRAULICS,3,0,3,14.285714285714286
2026-03-13,HYDRAULICS,15,0,15,14.142857142857142
2026-03-14,HYDRAULICS,11,0,11,13.571428571428571
2026-03-15,HYDRAULICS,27,0,27,13.714285714285714
2026-03-16,HYDRAULICS,16,0,16,14.0
2026-03-17,HYDRAULICS,27,0,27,16.142857142857142
2026-03-18,HYDRAULICS,10,0,10,15.571428571428571
2026-03-19,HYDRAULICS,14,0,14,17.142857142857142
2026-03-20,HYDRAULICS,25,0,25,18.571428571428573
2026-03-21,HYDRAULICS,12,0,12,18.714285714285715
2026-03-22,HYDRAULICS,16,3,13,16.714285714285715
2026-03-23,HYDRAULICS,12,0,12,16.142857142857142
2026-03-24,HYDRAULICS,21,0,21,15.285714285714286
2026-03-25,HYDRAULICS,11,0,11,15.428571428571429
2026-03-26,HYDRAULICS,7,0,7,14.428571428571429
2026-03-27,HYDRAULICS,13,1,12,12.571428571428571
2026-03-28,HYDRAULICS,6,0,6,11.714285714285714
2026-03-29,HYDRAULICS,28,0,28,13.857142857142858
2026-03-30,HYDRAULICS,8,0,8,13.285714285714286
2026-03-31,HYDRAULICS,13,0,13,12.142857142857142
2026-04-01,HYDRAULICS,13,0,13,12.428571428571429
2026-04-02,HYDRAULICS,0,0,0,11.428571428571429
2026-04-03,HYDRAULICS,6,0,6,10.571428571428571
2026-04-04,HYDRAULICS,12,0,12,11.428571428571429
2026-04-05,HYDRAULICS,30,0,30,11.714285714285714
2026-04-06,HYDRAULICS,16,0,16,12.857142857142858
2026-04-07,HYDRAULICS,18,8,10,12.428571428571429
2026-04-08,HYDRAULICS,16,0,16,12.857142857142858
2026-04-09,HYDRAULICS,6,0,6,13.714285714285714
2026-04-10,HYDRAULICS,19,1,18,15.428571428571429
2026-04-11,HYDRAULICS,16,0,16,16.0
2026-04-12,HYDRAULICS,19,0,19,14.428571428571429
2026-04-13,HYDRAULICS,23,0,23,15.428571428571429
2026-04-14,HYDRAULICS,7,0,7,15.0
2026-04-15,HYDRAULICS,20,0,20,15.571428571428571
2026-04-16,HYDRAULICS,6,0,6,15.571428571428571
2026-04-17,HYDRAULICS,5,0,5,13.714285714285714
2026-04-18,HYDRAULICS,18,0,18,14.0
2026-04-19,HYDRAULICS,23,0,23,14.571428571428571
2026-04-20,HYDRAULICS,16,0,16,13.571428571428571
2026-04-21,HYDRAULICS,33,1,32,17.142857142857142
2026-04-22,HYDRAULICS,9,0,9,15.571428571428571
2026-04-23,HYDRAULICS,1,0,1,14.857142857142858
2026-04-24,HYDRAULICS,18,0,18,16.714285714285715
2026-04-25,HYDRAULICS,10,0,10,15.571428571428571
2026-04-26,HYDRAULICS,32,0,32,16.857142857142858
2026-04-27,HYDRAULICS,19,0,19,17.285714285714285
2026-04-28,HYDRAULICS,8,0,8,13.857142857142858
2026-04-29,HYDRAULICS,26,1,25,16.142857142857142
2026-04-30,HYDRAULICS,7,0,7,17.0
2026-05-01,HYDRAULICS,4,0,4,15.0
2026-05-02,HYDRAULICS,14,3,11,15.142857142857142
2026-05-03,HYDRAULICS,23,0,23,13.857142857142858
2026-05-04,HYDRAULICS,0,0,0,11.142857142857142
2026-05-05,HYDRAULICS,18,0,18,12.571428571428571
2026-05-06,HYDRAULICS,13,2,11,10.571428571428571
2026-05-07,HYDRAULICS,10,0,10,11.0
2026-05-08,HYDRAULICS,3,0,3,10.857142857142858
2026-05-09,HYDRAULICS,17,0,17,11.714285714285714
2026-05-10,HYDRAULICS,27,2,25,12.0
2026-05-11,HYDRAULICS,17,0,17,14.428571428571429
2026-05-12,HYDRAULICS,8,0,8,13.0
2026-05-13,HYDRAULICS,3,0,3,11.857142857142858
2026-05-14,HYDRAULICS,18,4,14,12.428571428571429
2026-05-15,HYDRAULICS,12,0,12,13.714285714285714
2026-05-16,HYDRAULICS,23,0,23,14.571428571428571
2026-05-17,HYDRAULICS,11,0,11,12.571428571428571
2026-05-18,HYDRAULICS,6,0,6,11.0
2026-05-19,HYDRAULICS,12,0,12,11.571428571428571
2026-05-20,HYDRAULICS,12,0,12,12.857142857142858
2026-05-21,HYDRAULICS,4,0,4,11.428571428571429
2026-05-22,HYDRAULICS,8,0,8,10.857142857142858
2026-05-23,HYDRAULICS,14,0,14,9.571428571428571
2026-05-24,HYDRAULICS,11,0,11,9.571428571428571
2026-05-25,HYDRAULICS,17,0,17,11.142857142857142
2026-05-26,HYDRAULICS,15,0,15,11.571428571428571
2026-05-27,HYDRAULICS,7,3,4,10.428571428571429
2026-05-28,HYDRAULICS,15,4,11,11.428571428571429
2026-05-29,HYDRAULICS,17,0,17,12.714285714285714
2026-05-30,HYDRAULICS,20,0,20,13.571428571428571
2026-05-31,HYDRAULICS,21,0,21,15.0
2026-06-01,HYDRAULICS,14,0,14,14.571428571428571
2026-06-02,HYDRAULICS,40,2,38,17.857142857142858
2026-06-03,HYDRAULICS,25,0,25,20.857142857142858
2026-06-04,HYDRAULICS,29,0,29,23.428571428571427
2026-06-05,HYDRAULICS,13,0,13,22.857142857142858
2026-06-06,HYDRAULICS,13,1,12,21.714285714285715
2026-06-07,HYDRAULICS,9,0,9,20.0
2026-06-08,HYDRAULICS,13,0,13,19.857142857142858
2026-06-09,HYDRAULICS,20,4,16,16.714285714285715
2026-06-10,HYDRAULICS,9,0,9,14.428571428571429
2026-06-11,HYDRAULICS,4,4,0,10.285714285714286
2026-06-12,HYDRAULICS,27,0,27,12.285714285714286
2026-06-13,HYDRAULICS,5,1,4,11.142857142857142
2026-06-14,HYDRAULICS,21,2,19,12.571428571428571
2026-06-15,HYDRAULICS,21,0,21,13.714285714285714
2026-06-16,HYDRAULICS,7,0,7,12.428571428571429
2026-06-17,HYDRAULICS,14,0,14,13.142857142857142
2026-06-18,HYDRAULICS,37,3,34,18.0
2026-06-19,HYDRAULICS,21,0,21,17.142857142857142
2026-06-20,HYDRAULICS,24,0,24,20.0
2026-06-21,HYDRAULICS,3,0,3,17.714285714285715
2026-06-22,HYDRAULICS,26,7,19,17.428571428571427
2026-06-23,HYDRAULICS,15,0,15,18.571428571428573
2026-06-24,HYDRAULICS,3,1,2,16.857142857142858
2026-06-25,HYDRAULICS,2,0,2,12.285714285714286
2026-06-26,HYDRAULICS,25,0,25,12.857142857142858
2026-06-27,HYDRAULICS,9,0,9,10.714285714285714
2026-06-28,HYDRAULICS,11,0,11,11.857142857142858
2026-06-29,HYDRAULICS,7,0,7,10.142857142857142
2026-06-30,HYDRAULICS,22,2,20,10.857142857142858
2026-07-01,HYDRAULICS,10,5,5,11.285714285714286
2026-07-02,HYDRAULICS,11,1,10,12.428571428571429
2026-07-03,HYDRAULICS,10,0,10,10.285714285714286
2026-07-04,HYDRAULICS,13,0,13,10.857142857142858
2026-07-05,HYDRAULICS,11,0,11,10.857142857142858
2026-07-06,HYDRAULICS,22,0,22,13.0
2026-07-07,HYDRAULICS,15,1,14,12.142857142857142
2026-07-08,HYDRAULICS,12,0,12,13.142857142857142
2026-07-09,HYDRAULICS,22,4,18,14.285714285714286
2026-07-10,HYDRAULICS,9,0,9,14.142857142857142
2026-07-11,HYDRAULICS,18,0,18,14.857142857142858
2026-07-12,HYDRAULICS,2,0,2,13.571428571428571
2026-07-13,HYDRAULICS,8,0,8,11.571428571428571
2026-07-14,HYDRAULICS,28,0,28,13.571428571428571
2026-07-15,HYDRAULICS,4,0,4,12.428571428571429
2026-07-16,HYDRAULICS,6,0,6,10.714285714285714
2026-07-17,HYDRAULICS,14,0,14,11.428571428571429
2026-07-18,HYDRAULICS,11,2,9,10.142857142857142
2026-07-19,HYDRAULICS,11,0,11,11.428571428571429
2026-07-20,HYDRAULICS,5,0,5,11.0
2026-07-21,HYDRAULICS,1,0,1,7.142857142857143
2026-07-22,HYDRAULICS,29,0,29,10.714285714285714
2026-07-23,HYDRAULICS,15,0,15,12.0
2026-07-24,HYDRAULICS,11,7,4,10.571428571428571
2026-07-25,HYDRAULICS,12,4,8,10.428571428571429
2026-07-26,HYDRAULICS,21,0,21,11.857142857142858
2026-07-27,HYDRAULICS,8,2,6,12.0
