Buyer_ID,Part_ID,Buyer_Transactions,Buyer_Units_Purchased,Buyer_Units_Returned,Last_Buyer_Purchase_Timestamp
CUST-101,ELE-2001,7,11,0,2026-07-26 19:08:43
CUST-101,ELE-2002,7,18,4,2026-07-09 19:49:47
CUST-101,ELE-2003,5,9,0,2026-03-27 19:43:37
CUST-101,ELE-2004,8,16,1,2026-06-12 20:38:50
CUST-101,ELE-2005,3,8,0,2026-03-19 18:38:32
CUST-101,FAS-3001,2,22,0,2026-04-19 20:13:11
CUST-101,FAS-3002,4,34,5,2026-03-09 17:13:56
CUST-101,FAS-3003,6,51,0,2026-05-19 17:23:42
CUST-101,FAS-3004,4,32,0,2026-07-08 18:52:19
CUST-101,FAS-3005,7,60,3,2026-07-17 17:48:43
CUST-101,FIL-4001,1,11,0,2026-03-19 17:36:11
CUST-101,FIL-4002,5,34,3,2026-05-08 18:57:46
CUST-101,FIL-4003,4,18,0,2026-05-27 20:52:08
CUST-101,FIL-4004,8,54,2,2026-05-19 20:40:40
CUST-101,FIL-4005,6,35,0,2025-12-16 20:51:15
CUST-101,HYD-1001,4,10,0,2026-05-30 18:24:58
CUST-101,HYD-1002,11,34,3,2026-07-09 19:04:37
CUST-101,HYD-1003,3,11,0,2026-03-07 20:29:39
CUST-101,HYD-1004,5,20,0,2026-04-15 18:04:16
CUST-101,HYD-1005,5,10,0,2026-05-17 18:22:48
CUST-102,ELE-2001,4,5,0,2026-06-08 17:11:29
CUST-102,ELE-2002,4,8,0,2026-06-14 19:06:42
CUST-102,ELE-2003,7,22,0,2026-06-04 18:43:05
CUST-102,ELE-2004,2,3,0,2026-07-09 19:03:49
CUST-102,ELE-2005,5,10,0,2026-05-01 20:05:58
CUST-102,FAS-3001,8,66,0,2026-07-22 19:24:50
CUST-102,FAS-3002,4,28,0,2026-05-28 18:25:42
CUST-102,FAS-3003,1,7,0,2025-09-25 18:47:21
CUST-102,FAS-3004,4,36,0,2026-06-08 18:11:50
CUST-102,FAS-3005,4,34,0,2026-07-17 20:58:39
CUST-102,FIL-4001,6,39,7,2026-07-01 18:24:57
CUST-102,FIL-4002,5,24,0,2026-05-24 17:17:02
CUST-102,FIL-4003,8,46,0,2026-03-31 19:55:16
CUST-102,FIL-4004,4,16,4,2026-02-18 19:11:37
CUST-102,FIL-4005,5,19,0,2026-01-15 18:48:46
CUST-102,HYD-1001,5,22,0,2026-07-17 17:20:37
CUST-102,HYD-1002,6,25,0,2026-06-20 18:57:41
CUST-102,HYD-1003,2,10,0,2026-02-04 17:18:00
CUST-102,HYD-1004,7,24,0,2026-06-05 17:42:38
CUST-102,HYD-1005,2,6,0,2026-02-28 20:38:41
CUST-103,ELE-2001,8,21,1,2026-05-26 17:44:53
CUST-103,ELE-2002,6,14,1,2026-07-15 20:55:21
CUST-103,ELE-2003,6,17,0,2026-03-13 18:25:07
CUST-103,ELE-2004,3,6,0,2026-02-24 17:56:44
CUST-103,ELE-2005,3,10,0,2026-03-02 17:51:17
CUST-103,FAS-3001,5,49,0,2026-07-13 17:59:07
CUST-103,FAS-3002,4,31,0,2026-04-26 17:38:30
CUST-103,FAS-3003,4,41,0,2026-07-14 19:49:42
CUST-103,FAS-3004,3,36,0,2026-02-07 18:53:52
CUST-103,FAS-3005,3,25,0,2026-05-23 17:23:37
CUST-103,FIL-4001,3,17,0,2025-10-12 17:55:59
CUST-103,FIL-4002,6,39,0,2026-06-30 20:39:08
CUST-103,FIL-4003,4,25,6,2026-07-05 18:48:10
CUST-103,FIL-4004,1,5,0,2026-04-29 17:24:46
CUST-103,FIL-4005,7,52,4,2026-07-07 18:14:32
CUST-103,HYD-1001,5,15,0,2026-07-26 19:29:46
CUST-103,HYD-1002,2,9,2,2026-06-30 17:13:15
CUST-103,HYD-1003,6,22,0,2026-03-20 19:33:53
CUST-103,HYD-1004,17,64,0,2026-07-06 17:40:59
CUST-103,HYD-1005,10,27,0,2026-07-23 18:25:32
CUST-104,ELE-2001,4,6,0,2026-05-25 18:39:15
CUST-104,ELE-2002,3,8,0,2026-06-10 20:06:03
CUST-104,ELE-2003,6,17,0,2026-06-29 18:52:42
CUST-104,ELE-2004,6,11,1,2026-05-29 17:52:43
CUST-104,ELE-2005,2,2,0,2026-06-27 17:55:42
CUST-104,FAS-3001,4,38,0,2026-07-20 20:10:36
CUST-104,FAS-3002,6,61,0,2026-05-30 17:33:10
CUST-104,FAS-3003,2,13,0,2026-06-30 20:53:43
CUST-104,FAS-3004,7,52,0,2026-05-21 20:49:36
CUST-104,FAS-3005,5,48,0,2026-05-25 17:24:04
CUST-104,FIL-4001,6,48,0,2026-07-22 20:03:16
CUST-104,FIL-4002,5,39,12,2026-04-11 20:59:17
CUST-104,FIL-4003,6,42,0,2026-06-29 17:12:11
CUST-104,FIL-4004,3,21,4,2026-05-12 17:37:12
CUST-104,FIL-4005,7,43,4,2026-07-24 17:38:31
CUST-104,HYD-1001,2,3,0,2026-07-18 20:34:34
CUST-104,HYD-1002,4,20,0,2026-04-10 19:56:44
CUST-104,HYD-1003,3,7,5,2026-03-03 18:19:08
CUST-104,HYD-1004,7,25,2,2026-05-31 19:30:48
CUST-104,HYD-1005,6,16,0,2026-06-23 18:23:10
CUST-105,ELE-2001,5,14,0,2026-07-23 17:26:20
CUST-105,ELE-2002,7,23,1,2026-06-15 19:01:12
CUST-105,ELE-2003,2,3,0,2026-07-24 18:14:26
CUST-105,ELE-2004,1,1,0,2026-04-23 20:14:15
CUST-105,ELE-2005,1,2,0,2026-05-11 19:53:46
CUST-105,FAS-3001,5,51,13,2026-04-04 17:06:44
CUST-105,FAS-3002,6,46,0,2026-07-03 20:54:36
CUST-105,FAS-3003,5,45,0,2026-05-18 18:36:39
CUST-105,FAS-3004,8,50,0,2026-07-21 20:55:33
CUST-105,FAS-3005,8,60,0,2026-05-30 17:35:09
CUST-105,FIL-4001,5,31,0,2026-07-09 19:06:27
CUST-105,FIL-4002,5,30,0,2026-05-31 20:12:49
CUST-105,FIL-4003,1,7,0,2025-10-10 18:49:39
CUST-105,FIL-4004,5,36,0,2026-04-03 20:57:55
CUST-105,FIL-4005,9,52,3,2026-06-30 19:39:20
CUST-105,HYD-1001,3,18,0,2026-04-05 17:12:38
CUST-105,HYD-1002,5,16,0,2026-05-26 20:41:56
CUST-105,HYD-1003,4,15,0,2026-05-17 20:03:25
CUST-105,HYD-1004,6,28,0,2026-07-22 20:05:48
CUST-105,HYD-1005,10,36,0,2026-07-09 17:25:03
CUST-106,ELE-2001,4,10,0,2025-11-10 18:26:17
CUST-106,ELE-2002,7,17,0,2026-06-25 19:05:33
CUST-106,ELE-2003,2,6,4,2026-01-24 18:19:06
CUST-106,ELE-2004,7,16,1,2026-07-10 20:18:01
CUST-106,ELE-2005,8,23,0,2026-03-16 19:35:25
CUST-106,FAS-3001,4,41,0,2026-01-18 19:41:13
CUST-106,FAS-3002,6,52,0,2026-05-21 20:29:33
CUST-106,FAS-3003,3,27,0,2026-07-13 19:08:48
CUST-106,FAS-3004,6,50,0,2026-07-24 18:10:23
CUST-106,FAS-3005,3,25,0,2026-05-20 19:30:41
CUST-106,FIL-4001,5,24,2,2026-07-18 18:00:13
CUST-106,FIL-4002,4,15,0,2026-06-13 17:09:35
CUST-106,FIL-4003,2,14,0,2026-06-15 17:34:03
CUST-106,FIL-4004,6,43,0,2026-06-15 18:54:48
CUST-106,FIL-4005,4,23,0,2026-04-15 18:35:18
CUST-106,HYD-1001,3,9,0,2025-12-24 18:53:24
CUST-106,HYD-1002,3,14,3,2026-04-21 19:36:30
CUST-106,HYD-1003,2,5,0,2026-05-02 20:29:28
CUST-106,HYD-1004,3,6,0,2026-07-04 19:23:39
CUST-106,HYD-1005,7,21,1,2026-06-21 19:59:37
CUST-107,ELE-2001,4,11,1,2026-07-10 20:16:06
CUST-107,ELE-2002,4,12,0,2026-05-13 17:32:09
CUST-107,ELE-2003,7,15,0,2026-05-19 20:39:22
CUST-107,ELE-2004,6,18,0,2026-07-15 17:20:04
CUST-107,ELE-2005,8,22,0,2026-06-11 18:40:40
CUST-107,FAS-3001,2,20,0,2026-05-16 19:13:25
CUST-107,FAS-3002,7,71,1,2026-04-24 18:39:11
CUST-107,FAS-3003,3,34,9,2026-07-10 17:32:56
CUST-107,FAS-3004,6,52,0,2026-07-14 20:23:17
CUST-107,FAS-3005,5,53,0,2026-02-09 17:01:51
CUST-107,FIL-4001,2,12,0,2026-02-21 19:32:42
CUST-107,FIL-4002,9,65,0,2026-07-27 18:56:21
CUST-107,FIL-4003,8,47,0,2026-06-02 20:51:28
CUST-107,FIL-4004,1,6,0,2026-05-09 17:34:16
CUST-107,FIL-4005,5,29,3,2026-05-08 20:22:28
CUST-107,HYD-1001,8,28,0,2026-04-26 18:06:40
CUST-107,HYD-1002,5,18,0,2026-05-17 18:05:02
CUST-107,HYD-1003,6,19,0,2026-05-11 18:42:58
CUST-107,HYD-1004,5,17,0,2026-07-13 17:34:10
CUST-107,HYD-1005,4,22,0,2026-03-29 17:05:45
CUST-108,ELE-2001,3,4,1,2026-06-12 18:12:59
CUST-108,ELE-2002,8,12,0,2026-07-17 18:54:13
CUST-108,ELE-2003,3,8,0,2026-05-26 20:16:13
CUST-108,ELE-2004,3,13,0,2026-05-21 17:57:12
CUST-108,ELE-2005,7,17,1,2026-07-23 18:08:04
CUST-108,FAS-3001,7,59,0,2026-07-21 19:20:14
CUST-108,FAS-3002,4,31,0,2026-07-19 19:48:26
CUST-108,FAS-3003,2,8,1,2026-07-02 19:17:12
CUST-108,FAS-3004,6,51,7,2026-07-02 20:10:27
CUST-108,FAS-3005,3,34,0,2026-02-23 18:53:26
CUST-108,FIL-4001,5,31,0,2026-06-06 19:16:52
CUST-108,FIL-4002,5,20,0,2026-07-14 17:25:29
CUST-108,FIL-4003,4,33,0,2026-05-06 19:42:01
CUST-108,FIL-4004,2,16,0,2026-01-05 17:52:16
CUST-108,FIL-4005,4,24,3,2026-07-03 17:44:31
CUST-108,HYD-1001,4,20,0,2026-06-10 19:53:09
CUST-108,HYD-1002,7,24,0,2026-06-19 19:21:45
CUST-108,HYD-1003,2,8,0,2026-05-29 20:08:38
CUST-108,HYD-1004,4,12,0,2026-05-12 17:31:34
CUST-108,HYD-1005,4,16,0,2026-07-27 20:39:30
CUST-109,ELE-2001,3,5,0,2026-07-09 19:40:51
CUST-109,ELE-2002,8,20,3,2026-05-30 19:23:07
CUST-109,ELE-2003,9,13,0,2026-04-25 20:07:44
CUST-109,ELE-2004,8,26,0,2026-07-10 17:15:14
CUST-109,ELE-2005,3,8,0,2026-01-28 20:42:02
CUST-109,FAS-3001,4,41,0,2026-07-19 18:01:37
CUST-109,FAS-3002,5,33,0,2026-07-11 20:16:08
CUST-109,FAS-3003,4,28,0,2026-02-11 20:55:18
CUST-109,FAS-3004,7,68,8,2026-04-27 19:10:31
CUST-109,FAS-3005,6,58,0,2026-06-23 18:40:23
CUST-109,FIL-4001,6,48,0,2026-06-04 20:07:25
CUST-109,FIL-4002,9,55,7,2026-07-09 18:21:36
CUST-109,FIL-4003,4,24,0,2026-05-21 20:18:46
CUST-109,FIL-4004,3,18,0,2026-04-18 19:02:04
CUST-109,FIL-4005,5,33,0,2026-05-27 19:36:46
CUST-109,HYD-1001,5,24,5,2026-02-04 19:56:31
CUST-109,HYD-1002,4,14,0,2026-06-02 20:51:31
CUST-109,HYD-1003,4,11,0,2026-04-12 20:26:53
CUST-109,HYD-1004,11,32,1,2026-07-07 20:16:08
CUST-109,HYD-1005,8,33,3,2026-06-09 19:17:19
CUST-110,ELE-2001,1,2,0,2026-07-02 19:01:03
CUST-110,ELE-2002,6,12,0,2026-05-03 19:48:58
CUST-110,ELE-2003,11,23,0,2026-07-25 19:28:04
CUST-110,ELE-2005,4,7,0,2026-06-12 19:55:50
CUST-110,FAS-3001,4,36,0,2026-04-04 19:42:39
CUST-110,FAS-3002,3,25,0,2026-07-26 17:04:23
CUST-110,FAS-3003,2,26,0,2026-03-30 17:57:40
CUST-110,FAS-3004,2,12,1,2025-12-25 18:41:47
CUST-110,FAS-3005,5,47,0,2026-07-09 20:35:57
CUST-110,FIL-4001,4,24,0,2026-07-20 17:37:47
CUST-110,FIL-4002,6,26,0,2026-06-17 20:44:51
CUST-110,FIL-4003,5,35,4,2026-05-28 19:52:41
CUST-110,FIL-4004,5,32,2,2026-04-20 19:37:53
CUST-110,FIL-4005,7,47,3,2026-07-14 20:21:05
CUST-110,HYD-1001,2,4,0,2026-05-15 20:28:49
CUST-110,HYD-1002,5,22,0,2026-07-01 19:44:50
CUST-110,HYD-1003,2,5,0,2026-04-28 18:44:40
CUST-110,HYD-1004,4,18,0,2025-12-17 17:18:38
CUST-110,HYD-1005,3,14,0,2026-05-21 19:00:08
CUST-111,ELE-2001,8,20,2,2026-04-17 17:27:50
CUST-111,ELE-2002,5,8,0,2026-07-07 17:38:17
CUST-111,ELE-2003,6,13,0,2026-07-20 19:57:14
CUST-111,ELE-2004,6,19,0,2026-06-06 18:23:00
CUST-111,ELE-2005,6,24,0,2026-03-23 18:49:47
CUST-111,FAS-3001,5,46,10,2026-05-06 19:09:48
CUST-111,FAS-3002,4,27,0,2026-06-30 19:00:27
CUST-111,FAS-3003,8,75,0,2026-07-21 19:06:48
CUST-111,FAS-3004,6,40,0,2026-06-27 18:53:53
CUST-111,FAS-3005,5,45,0,2026-07-22 19:04:03
CUST-111,FIL-4001,5,31,0,2026-06-25 20:04:07
CUST-111,FIL-4002,11,71,0,2026-05-27 17:43:37
CUST-111,FIL-4003,8,34,4,2026-07-21 17:27:13
CUST-111,FIL-4004,6,32,8,2026-07-21 18:53:19
CUST-111,FIL-4005,4,22,0,2026-07-25 18:30:02
CUST-111,HYD-1001,6,22,0,2026-05-10 18:37:26
CUST-111,HYD-1002,2,8,0,2026-04-04 20:44:32
CUST-111,HYD-1003,6,21,0,2026-05-07 20:43:01
CUST-111,HYD-1004,9,24,0,2026-06-01 19:03:39
CUST-111,HYD-1005,7,23,1,2026-06-25 17:29:27
CUST-112,ELE-2001,5,8,0,2026-03-16 19:28:00
CUST-112,ELE-2002,8,17,0,2026-06-26 20:50:20
CUST-112,ELE-2003,7,18,0,2026-05-30 20:12:47
CUST-112,ELE-2004,5,11,0,2026-07-03 17:00:58
CUST-112,ELE-2005,5,19,0,2026-06-02 20:50:54
CUST-112,FAS-3001,6,43,0,2026-07-27 20:57:04
CUST-112,FAS-3002,7,65,0,2026-06-19 20:49:32
CUST-112,FAS-3003,5,39,6,2026-07-27 17:01:48
CUST-112,FAS-3004,6,48,0,2026-06-18 19:29:12
CUST-112,FAS-3005,5,54,0,2026-07-21 17:46:24
CUST-112,FIL-4001,10,56,0,2026-07-25 20:35:29
CUST-112,FIL-4002,4,26,0,2026-07-19 17:49:49
CUST-112,FIL-4003,7,36,0,2026-07-23 19:14:48
CUST-112,FIL-4004,3,9,0,2026-07-23 19:46:11
CUST-112,FIL-4005,4,15,2,2026-04-29 20:47:21
CUST-112,HYD-1001,7,26,0,2026-07-22 20:31:40
CUST-112,HYD-1002,4,20,5,2026-04-26 17:36:42
CUST-112,HYD-1003,3,12,0,2026-06-18 20:43:28
CUST-112,HYD-1004,6,13,0,2026-06-12 19:34:54
CUST-112,HYD-1005,7,28,0,2026-07-24 20:43:51
CUST-113,ELE-2001,3,11,0,2026-06-20 20:51:20
CUST-113,ELE-2002,6,12,0,2026-07-20 20:13:53
CUST-113,ELE-2003,6,13,1,2026-05-22 17:45:51
CUST-113,ELE-2004,5,8,1,2026-07-27 20:58:08
CUST-113,ELE-2005,2,5,0,2026-05-08 18:35:18
CUST-113,FAS-3001,5,52,0,2026-07-14 20:57:50
CUST-113,FAS-3002,4,40,0,2026-07-01 17:51:30
CUST-113,FAS-3003,2,14,0,2026-07-12 18:40:54
CUST-113,FAS-3004,7,69,0,2026-07-11 17:53:28
CUST-113,FAS-3005,10,95,0,2026-07-17 20:46:22
CUST-113,FIL-4001,7,41,9,2026-07-26 19:45:37
CUST-113,FIL-4002,9,52,0,2026-06-30 18:12:10
CUST-113,FIL-4003,3,16,0,2026-06-20 19:14:55
CUST-113,FIL-4004,5,26,0,2026-03-24 19:28:33
CUST-113,FIL-4005,2,14,0,2025-10-04 17:00:47
CUST-113,HYD-1001,4,15,0,2026-06-27 17:34:10
CUST-113,HYD-1002,2,9,1,2026-03-09 20:25:44
CUST-113,HYD-1003,4,9,0,2026-06-05 17:45:15
CUST-113,HYD-1004,6,13,0,2026-07-18 17:58:24
CUST-113,HYD-1005,3,17,0,2026-04-08 17:13:02
CUST-114,ELE-2001,5,11,0,2026-05-19 20:03:17
CUST-114,ELE-2002,5,9,0,2026-06-22 18:16:09
CUST-114,ELE-2003,3,7,0,2026-07-21 20:20:36
CUST-114,ELE-2004,8,26,0,2026-07-20 18:53:17
CUST-114,ELE-2005,3,6,0,2026-04-24 19:43:11
CUST-114,FAS-3001,3,23,0,2026-06-16 20:13:24
CUST-114,FAS-3002,4,36,0,2026-05-23 18:47:50
CUST-114,FAS-3003,3,17,0,2026-01-18 18:21:07
CUST-114,FAS-3004,2,14,0,2026-01-18 17:25:39
CUST-114,FAS-3005,4,35,0,2026-06-19 19:19:12
CUST-114,FIL-4001,7,35,0,2026-06-15 17:04:10
CUST-114,FIL-4002,7,49,0,2026-06-12 17:59:46
CUST-114,FIL-4003,1,11,0,2026-06-25 18:28:46
CUST-114,FIL-4004,2,6,0,2026-04-18 17:27:22
CUST-114,FIL-4005,2,11,0,2026-07-20 19:22:27
CUST-114,HYD-1001,8,31,0,2026-07-05 19:34:06
CUST-114,HYD-1002,9,24,0,2026-07-21 18:45:18
CUST-114,HYD-1003,11,29,2,2026-07-14 17:34:32
CUST-114,HYD-1004,6,16,0,2026-07-22 18:28:38
CUST-114,HYD-1005,5,18,5,2026-07-01 17:56:47
CUST-115,ELE-2001,4,15,0,2026-07-12 18:15:06
CUST-115,ELE-2002,2,5,0,2026-05-14 18:20:44
CUST-115,ELE-2003,7,18,0,2026-06-02 18:54:51
CUST-115,ELE-2004,7,21,0,2026-05-11 20:45:28
CUST-115,ELE-2005,6,14,0,2026-07-18 19:13:24
CUST-115,FAS-3001,4,32,0,2026-06-30 19:43:19
CUST-115,FAS-3002,5,50,0,2026-07-20 19:43:57
CUST-115,FAS-3003,5,52,0,2026-07-20 17:53:28
CUST-115,FAS-3004,5,37,0,2026-05-20 18:34:33
CUST-115,FAS-3005,6,53,0,2026-07-01 17:57:38
CUST-115,FIL-4001,3,14,0,2026-04-09 17:14:11
CUST-115,FIL-4002,3,25,0,2026-02-13 19:41:34
CUST-115,FIL-4003,5,37,0,2026-06-24 20:25:57
CUST-115,FIL-4004,5,30,4,2026-07-05 19:54:08
CUST-115,FIL-4005,8,63,5,2026-07-20 20:46:05
CUST-115,HYD-1001,7,22,2,2026-07-03 19:40:28
CUST-115,HYD-1002,8,30,4,2026-06-14 17:02:47
CUST-115,HYD-1003,5,20,0,2026-05-08 18:58:11
CUST-115,HYD-1004,6,14,1,2026-07-14 20:15:03
CUST-115,HYD-1005,6,22,0,2026-03-04 18:00:30
CUST-116,ELE-2001,2,6,0,2026-05-18 17:41:02
CUST-116,ELE-2002,2,3,0,2026-05-05 19:00:45
CUST-116,ELE-2003,6,11,1,2026-07-22 19:36:50
CUST-116,ELE-2004,8,20,0,2026-07-14 19:46:34
CUST-116,ELE-2005,4,7,0,2025-12-17 18:00:21
CUST-116,FAS-3001,11,90,0,2026-06-25 18:30:21
CUST-116,FAS-3002,7,70,0,2026-07-06 19:45:06
CUST-116,FAS-3003,2,16,0,2026-04-12 19:50:08
CUST-116,FAS-3004,9,81,0,2026-05-31 17:39:50
CUST-116,FAS-3005,5,44,0,2026-07-19 17:21:09
CUST-116,FIL-4001,7,51,0,2026-04-21 18:18:53
CUST-116,FIL-4002,7,42,0,2026-07-12 17:56:24
CUST-116,FIL-4003,3,21,0,2026-07-02 20:35:22
CUST-116,FIL-4004,5,40,0,2026-07-18 18:56:17
CUST-116,FIL-4005,4,21,0,2026-06-26 20:54:55
CUST-116,HYD-1001,6,26,0,2026-07-20 17:10:01
CUST-116,HYD-1002,3,16,0,2026-04-05 18:00:07
CUST-116,HYD-1003,5,18,0,2026-07-25 17:40:54
CUST-116,HYD-1004,6,18,0,2026-07-27 17:53:04
CUST-116,HYD-1005,8,22,0,2026-07-12 18:59:25
CUST-117,ELE-2001,8,15,0,2026-06-05 18:50:09
CUST-117,ELE-2002,7,15,0,2026-07-20 18:00:28
CUST-117,ELE-2003,4,7,1,2026-05-18 18:27:28
CUST-117,ELE-2004,4,10,0,2026-05-25 18:18:01
CUST-117,ELE-2005,6,13,0,2026-03-13 18:39:33
CUST-117,FAS-3001,1,10,0,2026-01-19 19:18:29
CUST-117,FAS-3002,7,60,0,2026-07-23 20:53:05
CUST-117,FAS-3003,2,19,0,2025-12-12 18:41:05
CUST-117,FAS-3004,5,61,0,2026-04-26 18:03:01
CUST-117,FAS-3005,6,38,0,2026-04-24 19:24:58
CUST-117,FIL-4001,4,26,0,2026-04-20 17:52:35
CUST-117,FIL-4002,2,9,0,2026-06-12 17:20:41
CUST-117,FIL-4003,4,33,0,2026-04-25 17:06:33
CUST-117,FIL-4004,9,70,7,2026-06-19 20:13:34
CUST-117,FIL-4005,2,7,0,2026-01-19 18:05:25
CUST-117,HYD-1001,3,9,0,2026-05-02 17:02:15
CUST-117,HYD-1002,4,15,0,2026-07-22 18:24:40
CUST-117,HYD-1003,8,25,4,2026-07-14 20:35:42
CUST-117,HYD-1004,5,18,0,2026-07-15 18:25:58
CUST-117,HYD-1005,6,17,0,2026-05-09 17:54:56
CUST-118,ELE-2001,5,17,0,2026-05-18 20:36:29
CUST-118,ELE-2002,2,2,0,2026-04-17 20:59:12
CUST-118,ELE-2003,3,7,0,2026-07-01 20:46:51
CUST-118,ELE-2004,7,11,0,2026-06-10 20:49:43
CUST-118,ELE-2005,5,13,0,2026-05-09 17:43:31
CUST-118,FAS-3001,3,21,0,2026-06-18 17:04:29
CUST-118,FAS-3002,5,38,11,2026-04-12 19:57:14
CUST-118,FAS-3003,6,50,0,2026-07-17 18:14:04
CUST-118,FAS-3004,4,37,0,2026-06-11 20:43:38
CUST-118,FAS-3005,3,25,0,2026-03-14 19:40:36
CUST-118,FIL-4001,4,27,0,2026-06-25 17:36:50
CUST-118,FIL-4002,5,30,0,2026-02-21 20:16:50
CUST-118,FIL-4003,4,19,2,2026-07-24 20:12:40
CUST-118,FIL-4004,5,24,0,2026-04-28 18:19:39
CUST-118,FIL-4005,4,28,0,2026-04-10 19:52:02
CUST-118,HYD-1001,6,19,0,2026-06-03 17:16:43
CUST-118,HYD-1002,5,12,0,2026-07-17 20:25:44
CUST-118,HYD-1003,4,15,0,2026-04-21 17:11:57
CUST-118,HYD-1004,5,26,0,2026-06-06 20:47:11
CUST-118,HYD-1005,8,26,0,2026-07-15 20:40:19
CUST-119,ELE-2001,8,14,0,2026-06-22 20:03:39
CUST-119,ELE-2002,8,19,0,2026-07-11 20:54:30
CUST-119,ELE-2003,10,25,2,2026-02-27 18:11:30
CUST-119,ELE-2004,4,7,0,2026-07-08 20:45:25
CUST-119,ELE-2005,3,17,1,2026-02-23 19:32:24
CUST-119,FAS-3001,7,57,0,2026-07-26 18:05:36
CUST-119,FAS-3002,9,71,0,2026-06-28 17:41:55
CUST-119,FAS-3003,4,43,0,2026-07-23 17:49:13
CUST-119,FAS-3004,8,57,0,2026-07-16 19:19:13
CUST-119,FAS-3005,5,55,0,2026-03-10 19:37:15
CUST-119,FIL-4001,3,26,0,2026-07-23 18:14:20
CUST-119,FIL-4002,5,28,0,2026-05-23 18:43:24
CUST-119,FIL-4003,7,49,0,2026-06-17 19:28:40
CUST-119,FIL-4004,5,38,0,2026-03-10 18:07:05
CUST-119,FIL-4005,8,41,0,2026-07-26 17:45:22
CUST-119,HYD-1001,12,42,5,2026-06-22 20:24:20
CUST-119,HYD-1002,7,14,0,2026-07-10 18:27:26
CUST-119,HYD-1003,3,12,0,2026-07-14 20:22:57
CUST-119,HYD-1004,4,14,4,2026-06-13 19:38:25
CUST-119,HYD-1005,3,10,1,2026-06-02 18:11:35
CUST-120,ELE-2001,8,26,0,2026-06-19 18:17:21
CUST-120,ELE-2002,6,15,0,2026-05-24 18:40:42
CUST-120,ELE-2003,7,18,0,2026-07-06 19:34:51
CUST-120,ELE-2004,9,27,0,2026-07-18 19:02:10
CUST-120,ELE-2005,4,10,0,2026-07-09 19:58:24
CUST-120,FAS-3001,3,26,0,2026-07-09 18:25:25
CUST-120,FAS-3002,2,19,0,2026-01-25 19:29:03
CUST-120,FAS-3003,2,15,0,2026-06-07 17:26:34
CUST-120,FAS-3004,3,18,0,2026-07-02 19:57:52
CUST-120,FAS-3005,5,39,0,2026-06-03 18:48:17
CUST-120,FIL-4001,13,91,11,2026-06-24 18:21:33
CUST-120,FIL-4002,2,11,0,2026-06-03 20:08:54
CUST-120,FIL-4003,4,35,0,2026-04-09 17:48:27
CUST-120,FIL-4004,8,44,2,2026-06-06 19:51:31
CUST-120,FIL-4005,5,32,0,2026-06-20 19:59:58
CUST-120,HYD-1001,6,24,0,2026-06-14 19:23:45
CUST-120,HYD-1002,5,17,3,2026-02-13 18:39:38
CUST-120,HYD-1003,5,21,0,2026-02-08 17:20:29
CUST-120,HYD-1004,4,11,0,2026-04-22 18:27:47
CUST-120,HYD-1005,3,4,0,2026-06-19 17:53:39
CUST-121,ELE-2001,7,18,0,2026-06-27 18:51:49
CUST-121,ELE-2002,7,15,1,2026-06-20 20:37:28
CUST-121,ELE-2003,4,11,2,2026-06-04 18:34:35
CUST-121,ELE-2004,2,5,0,2026-03-30 17:49:53
CUST-121,ELE-2005,4,8,0,2026-07-07 18:01:03
CUST-121,FAS-3001,4,35,0,2026-07-19 20:01:20
CUST-121,FAS-3002,6,46,0,2026-07-01 18:35:59
CUST-121,FAS-3003,7,57,4,2026-05-08 18:31:08
CUST-121,FAS-3004,5,45,0,2026-04-07 18:00:24
CUST-121,FAS-3005,5,50,0,2026-07-24 17:14:05
CUST-121,FIL-4001,6,36,4,2026-07-20 17:09:42
CUST-121,FIL-4002,3,20,0,2026-04-15 17:26:51
CUST-121,FIL-4003,4,25,0,2026-05-17 17:05:20
CUST-121,FIL-4004,6,38,0,2026-05-25 17:31:12
CUST-121,FIL-4005,4,23,0,2026-07-04 19:56:05
CUST-121,HYD-1001,3,11,0,2026-05-31 18:06:37
CUST-121,HYD-1002,3,11,0,2026-07-23 17:50:23
CUST-121,HYD-1003,8,30,0,2026-07-07 18:39:02
CUST-121,HYD-1004,3,8,0,2026-04-27 18:44:31
CUST-121,HYD-1005,5,12,4,2026-07-10 17:18:32
CUST-122,ELE-2001,3,4,0,2026-05-21 17:41:44
CUST-122,ELE-2002,4,14,0,2026-07-25 20:44:05
CUST-122,ELE-2003,6,13,1,2026-07-05 17:07:29
CUST-122,ELE-2004,8,18,0,2026-04-18 18:31:07
CUST-122,ELE-2005,4,12,0,2026-07-02 20:37:32
CUST-122,FAS-3001,2,22,0,2026-07-01 18:35:56
CUST-122,FAS-3002,4,34,0,2026-04-06 20:54:07
CUST-122,FAS-3003,6,52,4,2026-05-30 19:41:36
CUST-122,FAS-3004,5,49,5,2026-02-24 20:29:44
CUST-122,FAS-3005,2,12,0,2025-10-29 18:48:31
CUST-122,FIL-4001,2,15,0,2026-07-13 19:01:50
CUST-122,FIL-4002,6,38,5,2026-07-16 17:58:01
CUST-122,FIL-4003,9,53,3,2026-07-17 18:43:51
CUST-122,FIL-4004,3,19,0,2026-04-21 19:02:45
CUST-122,FIL-4005,1,4,0,2025-12-09 17:39:05
CUST-122,HYD-1001,4,15,0,2026-07-16 20:32:30
CUST-122,HYD-1002,7,25,0,2026-06-22 20:54:09
CUST-122,HYD-1003,4,17,0,2026-07-26 18:08:41
CUST-122,HYD-1004,6,14,4,2026-04-05 18:10:31
CUST-122,HYD-1005,5,24,0,2026-07-11 18:50:11
CUST-123,ELE-2001,3,8,0,2026-05-15 17:54:02
CUST-123,ELE-2002,7,18,0,2026-06-18 17:45:09
CUST-123,ELE-2003,2,3,0,2026-03-25 19:09:04
CUST-123,ELE-2004,7,15,0,2026-07-19 19:46:27
CUST-123,ELE-2005,6,16,0,2026-06-25 20:17:29
CUST-123,FAS-3001,8,68,3,2026-06-23 19:47:27
CUST-123,FAS-3002,5,37,0,2026-04-13 18:42:12
CUST-123,FAS-3003,6,62,0,2026-06-06 17:36:29
CUST-123,FAS-3004,7,62,0,2026-06-16 20:27:32
CUST-123,FAS-3005,5,48,0,2026-07-16 18:09:26
CUST-123,FIL-4001,6,31,0,2026-07-02 18:41:25
CUST-123,FIL-4002,6,37,0,2026-04-28 18:42:43
CUST-123,FIL-4003,8,54,4,2026-06-28 19:07:21
CUST-123,FIL-4004,5,32,0,2026-05-09 19:30:41
CUST-123,FIL-4005,2,11,0,2026-01-18 19:34:46
CUST-123,HYD-1001,9,27,1,2026-07-24 17:07:49
CUST-123,HYD-1002,6,23,0,2026-06-28 18:20:59
CUST-123,HYD-1003,4,13,0,2026-05-31 18:22:54
CUST-123,HYD-1004,4,16,0,2026-06-18 18:18:21
CUST-123,HYD-1005,7,25,0,2026-05-11 17:41:07
CUST-124,ELE-2001,6,11,0,2026-07-15 18:33:39
CUST-124,ELE-2002,2,5,0,2026-02-08 19:35:00
CUST-124,ELE-2003,8,18,0,2026-06-06 18:49:43
CUST-124,ELE-2004,1,3,0,2026-01-11 20:19:06
CUST-124,ELE-2005,2,2,0,2026-07-07 17:08:40
CUST-124,FAS-3001,5,37,0,2026-03-21 18:39:59
CUST-124,FAS-3002,7,62,0,2026-05-07 20:55:58
CUST-124,FAS-3003,4,40,0,2026-06-13 18:32:30
CUST-124,FAS-3004,7,64,0,2026-07-16 18:13:19
CUST-124,FAS-3005,3,32,0,2026-05-14 19:16:26
CUST-124,FIL-4001,4,21,0,2026-04-10 18:22:46
CUST-124,FIL-4002,3,27,7,2026-02-13 20:50:39
CUST-124,FIL-4003,5,28,0,2026-06-19 17:32:36
CUST-124,FIL-4004,4,21,0,2026-06-13 20:37:19
CUST-124,FIL-4005,3,22,0,2026-05-18 18:16:25
CUST-124,HYD-1001,4,12,1,2026-07-16 19:31:36
CUST-124,HYD-1002,4,11,0,2026-06-10 17:42:20
CUST-124,HYD-1003,8,24,4,2026-07-27 20:47:16
CUST-124,HYD-1004,10,43,3,2026-06-22 20:18:46
CUST-124,HYD-1005,4,16,4,2026-07-25 19:11:49
CUST-125,ELE-2001,6,10,0,2026-07-02 19:25:53
CUST-125,ELE-2002,2,5,0,2026-04-17 18:11:11
CUST-125,ELE-2003,6,18,0,2026-03-29 18:44:51
CUST-125,ELE-2004,3,7,0,2026-05-20 19:10:49
CUST-125,ELE-2005,6,12,0,2026-07-10 20:49:54
CUST-125,FAS-3001,6,59,0,2026-05-24 18:52:21
CUST-125,FAS-3002,5,44,0,2026-07-26 19:39:13
CUST-125,FAS-3003,3,33,0,2026-07-14 20:02:11
CUST-125,FAS-3004,8,72,0,2026-05-28 20:06:10
CUST-125,FAS-3005,5,46,0,2026-07-15 18:14:45
CUST-125,FIL-4001,4,31,0,2026-03-31 17:43:23
CUST-125,FIL-4002,3,24,0,2026-04-27 19:57:00
CUST-125,FIL-4003,10,62,2,2026-07-12 19:37:02
CUST-125,FIL-4004,3,16,0,2026-07-24 20:45:14
CUST-125,FIL-4005,1,10,0,2025-12-24 18:06:27
CUST-125,HYD-1001,5,13,0,2026-06-16 19:55:30
CUST-125,HYD-1002,5,26,7,2026-07-24 17:10:06
CUST-125,HYD-1003,7,27,0,2026-07-09 17:13:59
CUST-125,HYD-1004,7,28,0,2026-07-08 17:09:46
CUST-125,HYD-1005,3,8,0,2026-07-14 17:43:58
CUST-126,ELE-2001,7,16,0,2026-06-02 20:56:30
CUST-126,ELE-2002,5,12,1,2026-03-05 20:06:40
CUST-126,ELE-2003,5,15,0,2026-02-26 20:05:13
CUST-126,ELE-2004,3,9,0,2026-07-07 20:47:36
CUST-126,ELE-2005,5,10,1,2026-06-29 19:00:34
CUST-126,FAS-3001,2,17,0,2026-06-28 17:19:11
CUST-126,FAS-3002,1,10,0,2025-11-07 19:33:21
CUST-126,FAS-3003,3,29,0,2026-06-09 18:40:05
CUST-126,FAS-3004,3,19,0,2026-06-07 17:03:01
CUST-126,FAS-3005,8,66,0,2026-06-10 20:41:59
CUST-126,FIL-4001,6,31,0,2026-06-28 20:44:15
CUST-126,FIL-4002,5,24,0,2026-07-27 17:49:42
CUST-126,FIL-4003,3,16,0,2026-03-13 17:59:44
CUST-126,FIL-4004,2,16,3,2026-04-12 17:38:56
CUST-126,FIL-4005,7,46,2,2026-07-23 19:54:58
CUST-126,HYD-1001,3,15,0,2026-05-20 20:40:03
CUST-126,HYD-1002,5,16,0,2026-04-23 20:40:22
CUST-126,HYD-1003,5,18,0,2026-04-13 17:34:24
CUST-126,HYD-1004,4,12,0,2026-04-19 20:23:47
CUST-126,HYD-1005,3,13,0,2026-04-20 20:13:59
CUST-127,ELE-2001,6,10,0,2026-06-23 20:56:33
CUST-127,ELE-2002,4,10,0,2026-07-09 17:41:09
CUST-127,ELE-2003,5,9,1,2026-07-24 19:07:13
CUST-127,ELE-2004,8,21,0,2026-06-13 18:26:45
CUST-127,ELE-2005,3,4,0,2026-06-27 18:40:40
CUST-127,FAS-3001,1,8,0,2025-09-28 17:09:39
CUST-127,FAS-3002,2,20,0,2025-11-26 18:43:54
CUST-127,FAS-3003,3,22,0,2026-02-01 19:24:34
CUST-127,FAS-3004,6,64,0,2026-06-09 19:42:49
CUST-127,FAS-3005,5,42,0,2026-07-27 19:59:25
CUST-127,FIL-4001,6,39,0,2026-07-22 19:59:14
CUST-127,FIL-4002,4,26,0,2026-05-09 17:59:22
CUST-127,FIL-4003,4,23,1,2026-06-17 19:55:00
CUST-127,FIL-4004,3,23,5,2026-02-25 20:30:12
CUST-127,FIL-4005,7,48,0,2026-07-26 19:59:40
CUST-127,HYD-1001,6,21,0,2026-07-15 18:57:53
CUST-127,HYD-1002,3,6,0,2025-12-01 20:07:54
CUST-127,HYD-1003,6,17,0,2026-02-05 18:08:54
CUST-127,HYD-1004,8,35,3,2026-06-01 17:46:48
CUST-127,HYD-1005,4,14,4,2026-06-14 20:50:32
CUST-128,ELE-2001,3,7,0,2026-04-08 20:19:44
CUST-128,ELE-2002,2,7,0,2025-11-30 17:41:22
CUST-128,ELE-2003,4,8,1,2026-04-23 18:04:48
CUST-128,ELE-2004,7,18,0,2026-03-25 18:26:44
CUST-128,ELE-2005,6,16,1,2026-06-18 20:18:39
CUST-128,FAS-3001,3,14,0,2026-03-13 17:15:55
CUST-128,FAS-3002,2,17,0,2026-03-09 19:13:58
CUST-128,FAS-3003,5,45,5,2026-05-07 19:52:04
CUST-128,FAS-3004,1,13,0,2025-11-06 18:48:52
CUST-128,FAS-3005,2,25,0,2026-07-12 18:52:52
CUST-128,FIL-4001,4,25,2,2026-04-26 17:54:01
CUST-128,FIL-4002,2,12,0,2026-05-04 17:12:05
CUST-128,FIL-4003,6,41,1,2026-07-15 20:10:19
CUST-128,FIL-4004,4,28,0,2026-07-23 19:39:23
CUST-128,FIL-4005,5,26,0,2026-07-17 20:36:32
CUST-128,HYD-1001,9,33,3,2026-06-18 18:27:43
CUST-128,HYD-1002,5,8,0,2026-05-26 18:01:47
CUST-128,HYD-1003,8,31,0,2026-07-25 17:39:36
CUST-128,HYD-1004,6,24,1,2026-06-17 19:32:11
CUST-128,HYD-1005,9,31,0,2026-05-16 17:18:34
CUST-129,ELE-2001,5,11,0,2026-05-20 20:21:26
CUST-129,ELE-2002,5,12,0,2026-05-25 17:31:55
CUST-129,ELE-2003,6,17,0,2026-05-24 17:52:37
CUST-129,ELE-2004,8,16,2,2026-07-16 18:12:05
CUST-129,ELE-2005,8,22,1,2026-07-13 18:06:11
CUST-129,FAS-3001,9,73,0,2026-07-11 18:03:29
CUST-129,FAS-3002,5,60,9,2026-04-18 19:38:35
CUST-129,FAS-3003,4,32,0,2026-07-14 20:03:00
CUST-129,FAS-3004,3,27,0,2026-06-20 20:38:13
CUST-129,FAS-3005,7,56,0,2026-07-22 18:30:33
CUST-129,FIL-4001,4,28,0,2026-05-07 19:23:07
CUST-129,FIL-4002,8,41,0,2026-07-07 18:34:07
CUST-129,FIL-4003,4,36,7,2026-03-25 17:57:10
CUST-129,FIL-4004,10,71,0,2026-07-18 17:26:57
CUST-129,FIL-4005,8,49,5,2026-07-06 19:54:34
CUST-129,HYD-1001,5,12,0,2026-07-03 20:50:15
CUST-129,HYD-1002,2,9,0,2026-07-23 17:29:40
CUST-129,HYD-1003,8,26,0,2026-04-10 20:16:39
CUST-129,HYD-1004,5,10,1,2026-05-24 17:36:12
CUST-129,HYD-1005,6,20,0,2026-07-02 17:50:06
CUST-130,ELE-2001,5,10,0,2026-07-23 20:43:12
CUST-130,ELE-2002,2,5,0,2025-12-13 17:51:04
CUST-130,ELE-2003,3,12,0,2026-07-02 18:57:22
CUST-130,ELE-2004,8,22,0,2026-07-03 17:25:31
CUST-130,ELE-2005,5,13,0,2026-06-04 19:01:21
CUST-130,FAS-3001,5,35,0,2026-05-04 18:57:52
CUST-130,FAS-3002,4,32,0,2026-06-03 19:43:46
CUST-130,FAS-3003,6,38,0,2026-06-03 20:39:43
CUST-130,FAS-3004,2,15,0,2026-06-10 19:51:15
CUST-130,FAS-3005,2,15,0,2026-03-02 19:06:08
CUST-130,FIL-4001,9,62,0,2026-07-09 20:16:44
CUST-130,FIL-4002,1,4,0,2025-10-16 17:18:37
CUST-130,FIL-4003,4,22,0,2026-03-16 18:18:18
CUST-130,FIL-4004,7,39,0,2026-04-24 19:47:10
CUST-130,FIL-4005,3,20,1,2026-06-21 18:11:06
CUST-130,HYD-1001,3,8,0,2026-06-07 18:45:59
CUST-130,HYD-1002,3,9,0,2026-01-23 20:16:45
CUST-130,HYD-1003,7,21,0,2026-07-22 20:00:24
CUST-130,HYD-1004,2,7,2,2026-05-06 20:19:27
CUST-130,HYD-1005,6,27,0,2026-06-26 18:31:01
CUST-131,ELE-2001,3,8,0,2026-07-24 20:11:30
CUST-131,ELE-2002,5,13,0,2026-06-23 18:52:30
CUST-131,ELE-2003,4,6,2,2026-07-16 17:17:17
CUST-131,ELE-2004,3,5,0,2026-04-10 18:21:00
CUST-131,ELE-2005,8,18,4,2026-07-23 19:10:50
CUST-131,FAS-3001,8,79,0,2026-06-16 19:41:19
CUST-131,FAS-3002,4,41,0,2026-04-23 20:08:47
CUST-131,FAS-3003,5,55,0,2026-07-24 18:09:11
CUST-131,FAS-3004,5,39,0,2026-07-14 17:10:35
CUST-131,FAS-3005,5,42,0,2026-06-07 18:11:38
CUST-131,FIL-4001,2,11,0,2026-03-14 17:22:33
CUST-131,FIL-4002,6,30,0,2026-07-20 20:30:02
CUST-131,FIL-4003,4,28,0,2026-06-19 19:57:35
CUST-131,FIL-4004,4,34,0,2026-04-06 20:44:30
CUST-131,FIL-4005,3,13,1,2026-06-27 19:21:16
CUST-131,HYD-1001,5,18,1,2026-07-09 19:08:45
CUST-131,HYD-1002,1,7,0,2025-09-06 17:34:02
CUST-131,HYD-1003,4,14,0,2026-06-29 20:19:21
CUST-131,HYD-1004,4,16,0,2026-07-07 20:16:35
CUST-131,HYD-1005,8,32,0,2026-06-23 17:56:26
CUST-132,ELE-2001,6,17,5,2026-07-25 19:15:53
CUST-132,ELE-2002,2,3,0,2026-06-09 20:11:44
CUST-132,ELE-2003,2,4,0,2026-01-12 18:48:52
CUST-132,ELE-2004,7,25,0,2026-06-03 18:41:15
CUST-132,ELE-2005,7,22,1,2026-04-27 20:24:12
CUST-132,FAS-3001,8,65,17,2026-07-04 17:46:03
CUST-132,FAS-3002,4,24,0,2026-04-08 18:16:07
CUST-132,FAS-3003,4,43,0,2026-05-26 20:47:27
CUST-132,FAS-3004,6,52,0,2026-03-04 18:58:30
CUST-132,FAS-3005,5,41,0,2026-06-20 18:10:57
CUST-132,FIL-4001,5,26,0,2026-07-07 20:02:19
CUST-132,FIL-4002,1,5,0,2026-04-20 18:25:12
CUST-132,FIL-4003,5,28,4,2026-05-10 20:15:30
CUST-132,FIL-4004,4,31,0,2026-07-26 20:35:48
CUST-132,FIL-4005,8,51,1,2026-05-13 19:30:16
CUST-132,HYD-1001,10,34,0,2026-07-09 17:47:46
CUST-132,HYD-1002,3,12,0,2026-04-30 20:26:14
CUST-132,HYD-1003,6,25,1,2026-06-02 20:09:34
CUST-132,HYD-1004,7,36,1,2026-07-18 19:32:00
CUST-132,HYD-1005,4,16,0,2026-03-20 17:41:37
CUST-133,ELE-2001,6,17,0,2026-07-17 20:50:23
CUST-133,ELE-2002,2,4,0,2026-06-08 18:30:09
CUST-133,ELE-2003,3,6,1,2026-07-25 18:59:56
CUST-133,ELE-2004,5,9,1,2026-06-12 17:11:17
CUST-133,ELE-2005,4,7,0,2025-12-29 20:17:54
CUST-133,FAS-3001,4,31,0,2026-03-20 20:34:35
CUST-133,FAS-3002,4,22,0,2026-07-19 18:52:37
CUST-133,FAS-3003,6,59,0,2026-06-24 20:07:56
CUST-133,FAS-3004,5,42,0,2026-04-22 19:39:52
CUST-133,FAS-3005,6,58,4,2026-07-06 18:54:04
CUST-133,FIL-4001,4,25,3,2026-02-21 19:32:08
CUST-133,FIL-4002,7,59,5,2026-07-26 20:14:08
CUST-133,FIL-4003,3,17,0,2026-05-05 18:00:28
CUST-133,FIL-4004,5,34,0,2026-06-07 19:09:10
CUST-133,FIL-4005,6,30,1,2026-03-26 17:04:45
CUST-133,HYD-1001,3,10,0,2026-03-20 19:24:38
CUST-133,HYD-1002,5,17,1,2026-05-06 17:43:37
CUST-133,HYD-1003,2,13,0,2026-04-29 20:10:50
CUST-133,HYD-1004,5,18,0,2026-03-23 18:58:51
CUST-133,HYD-1005,5,14,0,2026-04-07 20:01:15
CUST-134,ELE-2001,9,23,0,2026-07-13 19:46:27
CUST-134,ELE-2002,6,19,0,2026-05-29 18:13:57
CUST-134,ELE-2003,3,9,0,2025-11-18 18:00:10
CUST-134,ELE-2004,5,7,0,2026-07-13 20:34:49
CUST-134,ELE-2005,4,10,0,2026-05-06 17:21:07
CUST-134,FAS-3001,7,58,0,2026-06-29 18:37:25
CUST-134,FAS-3002,2,19,0,2026-03-08 20:04:22
CUST-134,FAS-3003,7,65,0,2026-07-08 18:43:48
CUST-134,FAS-3004,3,23,0,2026-06-15 18:15:57
CUST-134,FAS-3005,2,16,0,2026-05-05 19:30:03
CUST-134,FIL-4001,6,35,0,2026-06-08 17:28:38
CUST-134,FIL-4002,6,35,3,2026-04-16 18:16:56
CUST-134,FIL-4003,2,11,0,2026-07-15 17:37:27
CUST-134,FIL-4004,11,56,3,2026-05-12 20:25:11
CUST-134,FIL-4005,6,36,4,2026-06-15 18:03:14
CUST-134,HYD-1001,6,22,0,2026-07-18 18:23:32
CUST-134,HYD-1002,5,19,1,2026-05-12 17:28:10
CUST-134,HYD-1003,7,27,0,2026-06-03 19:01:00
CUST-134,HYD-1004,4,13,0,2026-06-15 18:27:25
CUST-134,HYD-1005,5,19,0,2026-05-09 20:56:34
CUST-135,ELE-2001,3,10,0,2026-06-06 17:31:38
CUST-135,ELE-2002,6,8,0,2026-07-02 20:55:40
CUST-135,ELE-2003,4,9,0,2026-07-13 18:44:57
CUST-135,ELE-2004,5,10,0,2026-07-16 17:26:52
CUST-135,ELE-2005,8,18,0,2026-06-04 19:56:41
CUST-135,FAS-3001,4,50,0,2026-04-27 17:14:22
CUST-135,FAS-3002,8,74,9,2026-06-14 20:51:56
CUST-135,FAS-3003,5,35,0,2026-07-27 19:20:27
CUST-135,FAS-3004,9,87,0,2026-07-11 20:05:39
CUST-135,FAS-3005,1,3,0,2025-12-19 20:56:07
CUST-135,FIL-4001,10,59,1,2026-07-16 17:15:55
CUST-135,FIL-4002,10,72,8,2026-06-25 17:02:59
CUST-135,FIL-4003,6,35,13,2026-01-27 20:22:15
CUST-135,FIL-4004,7,37,4,2026-06-17 20:33:13
CUST-135,FIL-4005,6,43,8,2026-06-06 20:02:47
CUST-135,HYD-1001,7,26,0,2026-07-14 19:31:56
CUST-135,HYD-1002,6,19,0,2026-06-17 18:51:07
CUST-135,HYD-1003,1,2,0,2026-05-09 18:48:14
CUST-135,HYD-1004,2,8,0,2026-07-11 19:23:45
CUST-135,HYD-1005,5,24,0,2026-06-02 19:36:17
CUST-136,ELE-2001,6,16,0,2026-07-06 17:08:17
CUST-136,ELE-2002,5,8,0,2026-07-01 17:42:38
CUST-136,ELE-2003,6,10,0,2026-06-23 18:28:35
CUST-136,ELE-2004,5,13,0,2026-06-26 20:58:09
CUST-136,ELE-2005,4,10,1,2026-07-19 19:05:53
CUST-136,FAS-3001,7,61,0,2026-06-24 19:36:58
CUST-136,FAS-3002,3,22,0,2026-05-05 18:49:58
CUST-136,FAS-3003,7,52,0,2026-06-21 19:34:19
CUST-136,FAS-3004,5,34,0,2026-05-30 18:38:10
CUST-136,FAS-3005,9,59,0,2026-05-31 18:36:07
CUST-136,FIL-4001,4,20,0,2026-03-04 18:43:37
CUST-136,FIL-4002,3,18,0,2026-06-08 17:04:49
CUST-136,FIL-4003,6,44,0,2026-07-24 20:47:23
CUST-136,FIL-4004,2,15,0,2026-07-19 19:52:56
CUST-136,FIL-4005,5,33,2,2026-07-09 20:16:16
CUST-136,HYD-1001,3,15,0,2026-02-24 18:04:28
CUST-136,HYD-1002,4,10,0,2026-04-11 19:33:35
CUST-136,HYD-1003,3,16,0,2026-07-06 19:13:09
CUST-136,HYD-1004,4,12,0,2026-06-02 18:36:37
CUST-136,HYD-1005,6,13,0,2026-06-04 18:16:12
CUST-137,ELE-2001,6,16,0,2026-06-21 17:36:06
CUST-137,ELE-2002,6,15,0,2026-07-20 19:54:28
CUST-137,ELE-2003,7,16,0,2026-07-12 18:27:18
CUST-137,ELE-2004,3,9,0,2026-03-24 20:23:37
CUST-137,ELE-2005,3,9,0,2026-06-12 18:02:21
CUST-137,FAS-3001,4,37,0,2026-07-22 17:35:46
CUST-137,FAS-3002,3,20,0,2026-02-14 20:17:57
CUST-137,FAS-3003,1,6,0,2026-07-14 18:56:00
CUST-137,FAS-3004,6,53,0,2026-06-19 18:40:52
CUST-137,FAS-3005,1,11,0,2025-10-02 20:03:25
CUST-137,FIL-4001,4,16,0,2026-05-10 18:22:15
CUST-137,FIL-4002,8,43,4,2026-07-02 20:05:29
CUST-137,FIL-4003,3,15,0,2026-06-11 18:09:49
CUST-137,FIL-4004,9,49,0,2026-06-26 20:00:18
CUST-137,FIL-4005,5,24,2,2026-06-08 20:10:17
CUST-137,HYD-1001,1,1,0,2026-03-13 17:44:57
CUST-137,HYD-1002,7,18,0,2026-07-26 18:02:50
CUST-137,HYD-1003,9,32,0,2026-06-17 19:58:07
CUST-137,HYD-1004,2,6,0,2026-05-18 19:19:54
CUST-137,HYD-1005,4,15,0,2026-03-21 18:28:38
CUST-138,ELE-2001,5,12,2,2026-03-26 19:43:46
CUST-138,ELE-2002,3,4,0,2026-03-28 18:11:52
CUST-138,ELE-2003,5,8,1,2026-07-02 20:20:34
CUST-138,ELE-2004,3,9,0,2026-07-26 18:27:20
CUST-138,ELE-2005,9,25,0,2026-07-10 19:14:10
CUST-138,FAS-3001,9,75,0,2026-05-21 18:51:25
CUST-138,FAS-3002,5,40,0,2026-06-18 18:36:51
CUST-138,FAS-3003,5,46,0,2026-04-20 17:04:21
CUST-138,FAS-3004,6,45,0,2026-06-26 20:45:36
CUST-138,FAS-3005,5,36,0,2026-05-24 18:02:06
CUST-138,FIL-4001,8,50,7,2026-05-14 17:51:30
CUST-138,FIL-4002,5,34,0,2026-01-27 17:44:45
CUST-138,FIL-4003,9,58,0,2026-06-05 18:39:17
CUST-138,FIL-4004,6,34,0,2026-06-13 18:33:31
CUST-138,FIL-4005,3,25,1,2026-05-01 17:03:58
CUST-138,HYD-1001,9,27,1,2026-03-16 20:30:47
CUST-138,HYD-1002,5,16,0,2026-06-09 17:06:35
CUST-138,HYD-1003,5,23,4,2026-07-06 20:31:06
CUST-138,HYD-1004,4,16,0,2026-03-30 18:52:17
CUST-138,HYD-1005,7,13,0,2026-05-03 18:46:13
CUST-139,ELE-2001,4,8,0,2026-04-21 17:30:21
CUST-139,ELE-2002,7,19,0,2026-05-21 19:46:50
CUST-139,ELE-2003,2,2,1,2026-06-25 20:36:37
CUST-139,ELE-2004,7,18,5,2026-05-16 18:14:08
CUST-139,ELE-2005,10,28,0,2026-07-14 17:57:56
CUST-139,FAS-3001,4,30,0,2026-07-16 17:43:55
CUST-139,FAS-3002,3,28,0,2026-07-23 20:56:10
CUST-139,FAS-3003,10,71,0,2026-07-14 18:34:45
CUST-139,FAS-3004,4,34,0,2026-05-19 19:20:55
CUST-139,FAS-3005,4,38,0,2026-06-21 20:14:42
CUST-139,FIL-4001,5,25,5,2026-07-10 18:58:32
CUST-139,FIL-4002,2,16,0,2025-12-16 17:22:37
CUST-139,FIL-4003,2,19,0,2026-07-21 20:34:36
CUST-139,FIL-4004,4,20,0,2026-06-16 19:23:54
CUST-139,FIL-4005,3,21,0,2026-07-06 17:08:39
CUST-139,HYD-1001,3,6,0,2026-03-29 20:36:48
CUST-139,HYD-1002,4,15,0,2026-06-26 17:10:32
CUST-139,HYD-1003,5,20,0,2026-04-09 19:38:16
CUST-139,HYD-1004,5,23,0,2026-06-15 20:21:14
CUST-139,HYD-1005,6,18,0,2026-05-03 20:54:37
CUST-140,ELE-2001,5,15,0,2026-07-24 20:04:23
CUST-140,ELE-2002,6,13,0,2026-05-25 17:48:50
CUST-140,ELE-2003,3,4,0,2026-03-19 20:50:44
CUST-140,ELE-2004,1,2,0,2025-12-17 19:01:58
CUST-140,ELE-2005,2,4,0,2026-05-29 20:38:24
CUST-140,FAS-3001,7,75,0,2026-07-08 20:09:24
CUST-140,FAS-3002,6,62,0,2026-07-06 18:07:29
CUST-140,FAS-3003,6,63,0,2026-06-12 19:54:35
CUST-140,FAS-3004,7,63,0,2026-06-23 18:48:25
CUST-140,FAS-3005,5,38,0,2026-07-17 17:23:17
CUST-140,FIL-4001,5,32,5,2026-07-25 20:34:22
CUST-140,FIL-4002,7,36,1,2026-06-23 19:07:02
CUST-140,FIL-4003,7,56,0,2026-04-25 20:46:34
CUST-140,FIL-4004,8,43,0,2026-07-11 18:54:04
CUST-140,FIL-4005,6,32,0,2026-01-13 17:41:29
CUST-140,HYD-1001,7,20,0,2026-07-11 19:47:53
CUST-140,HYD-1002,1,6,0,2026-03-08 18:01:43
CUST-140,HYD-1003,6,10,0,2026-03-20 20:09:52
CUST-140,HYD-1004,4,17,0,2025-12-31 20:11:56
CUST-140,HYD-1005,6,19,1,2026-07-11 17:46:56
CUST-141,ELE-2002,5,8,0,2026-03-07 18:43:37
CUST-141,ELE-2003,3,4,0,2026-07-09 19:57:45
CUST-141,ELE-2004,9,21,0,2026-04-22 18:29:09
CUST-141,ELE-2005,3,5,0,2026-07-15 18:34:40
CUST-141,FAS-3001,3,24,0,2026-07-23 19:56:00
CUST-141,FAS-3002,4,39,0,2026-07-17 17:45:57
CUST-141,FAS-3003,4,38,0,2026-07-13 20:34:59
CUST-141,FAS-3004,8,63,0,2026-04-19 17:36:15
CUST-141,FAS-3005,8,65,4,2026-07-26 18:16:22
CUST-141,FIL-4001,5,35,0,2026-06-06 17:09:19
CUST-141,FIL-4002,6,44,0,2026-06-23 18:48:59
CUST-141,FIL-4003,4,28,0,2026-05-06 20:44:12
CUST-141,FIL-4004,6,45,0,2026-07-27 18:12:15
CUST-141,FIL-4005,4,23,0,2026-03-25 18:46:17
CUST-141,HYD-1001,7,19,0,2026-07-04 20:27:53
CUST-141,HYD-1002,7,23,0,2026-07-02 20:03:13
CUST-141,HYD-1003,6,21,0,2026-03-15 20:01:20
CUST-141,HYD-1004,3,11,0,2026-02-18 19:26:48
CUST-141,HYD-1005,6,21,0,2026-05-29 19:48:21
CUST-142,ELE-2001,6,14,1,2026-04-23 19:20:06
CUST-142,ELE-2002,4,7,0,2026-07-25 19:28:50
CUST-142,ELE-2003,5,15,0,2026-05-30 18:44:32
CUST-142,ELE-2004,4,11,0,2026-06-30 18:48:30
CUST-142,ELE-2005,5,15,1,2026-07-06 17:47:03
CUST-142,FAS-3001,5,51,0,2026-06-30 19:13:58
CUST-142,FAS-3002,9,67,0,2026-06-27 20:45:14
CUST-142,FAS-3003,6,58,0,2026-06-23 18:16:42
CUST-142,FAS-3004,2,13,4,2026-05-11 20:24:50
CUST-142,FAS-3005,5,39,0,2026-06-20 20:14:06
CUST-142,FIL-4001,4,21,1,2026-07-06 18:02:10
CUST-142,FIL-4002,3,22,0,2026-04-10 19:10:05
CUST-142,FIL-4003,6,44,0,2026-07-19 18:00:37
CUST-142,FIL-4004,2,17,0,2026-07-18 20:44:24
CUST-142,FIL-4005,5,22,3,2026-04-20 20:44:38
CUST-142,HYD-1001,2,6,0,2025-10-01 20:40:19
CUST-142,HYD-1002,4,10,3,2026-06-08 18:27:39
CUST-142,HYD-1003,5,24,0,2026-06-03 19:05:49
CUST-142,HYD-1004,3,10,1,2025-11-18 19:00:26
CUST-142,HYD-1005,4,19,0,2026-05-05 17:21:44
CUST-143,ELE-2001,5,8,0,2026-04-16 19:05:23
CUST-143,ELE-2002,5,9,0,2026-05-17 18:01:36
CUST-143,ELE-2003,4,8,0,2026-03-19 18:00:01
CUST-143,ELE-2004,9,18,0,2026-06-29 18:21:12
CUST-143,ELE-2005,3,9,0,2026-07-04 20:19:06
CUST-143,FAS-3001,5,45,0,2026-05-15 19:13:56
CUST-143,FAS-3002,7,69,0,2026-07-08 18:37:45
CUST-143,FAS-3003,10,87,0,2026-06-23 20:36:15
CUST-143,FAS-3004,9,70,6,2026-07-03 20:13:49
CUST-143,FAS-3005,7,70,1,2026-06-27 18:34:25
CUST-143,FIL-4001,2,13,6,2026-03-31 19:41:01
CUST-143,FIL-4002,5,28,0,2026-07-13 17:32:39
CUST-143,FIL-4003,3,26,0,2026-07-01 20:17:21
CUST-143,FIL-4004,2,13,0,2026-06-22 18:16:43
CUST-143,FIL-4005,3,10,0,2026-03-14 20:21:06
CUST-143,HYD-1001,3,8,0,2026-05-27 20:53:39
CUST-143,HYD-1002,4,15,0,2026-06-28 20:04:45
CUST-143,HYD-1003,5,14,0,2026-06-09 19:33:53
CUST-143,HYD-1004,6,19,0,2026-05-14 17:03:21
CUST-143,HYD-1005,7,19,0,2026-04-11 19:49:26
CUST-144,ELE-2002,5,18,0,2026-07-09 18:01:08
CUST-144,ELE-2003,5,9,1,2026-07-06 19:34:34
CUST-144,ELE-2004,4,12,0,2026-05-18 19:38:55
CUST-144,ELE-2005,6,18,0,2026-05-07 20:35:16
CUST-144,FAS-3001,5,40,0,2026-07-25 20:53:48
CUST-144,FAS-3002,4,36,5,2026-06-27 18:56:07
CUST-144,FAS-3003,4,35,0,2026-05-29 20:18:40
CUST-144,FAS-3004,9,68,0,2026-07-02 19:57:04
CUST-144,FAS-3005,4,29,0,2026-05-20 19:10:09
CUST-144,FIL-4001,4,24,0,2026-01-30 18:43:04
CUST-144,FIL-4002,4,32,0,2026-07-07 20:58:06
CUST-144,FIL-4003,4,25,4,2026-07-27 20:34:08
CUST-144,FIL-4004,6,36,0,2026-07-06 18:44:15
CUST-144,FIL-4005,2,11,0,2026-07-11 19:04:45
CUST-144,HYD-1001,8,33,0,2026-07-19 19:09:25
CUST-144,HYD-1002,4,13,0,2026-07-14 20:31:52
CUST-144,HYD-1003,3,8,0,2026-04-19 17:50:59
CUST-144,HYD-1004,5,17,3,2026-06-04 20:36:00
CUST-144,HYD-1005,3,11,0,2026-06-02 20:10:01
CUST-145,ELE-2001,7,15,1,2026-05-06 17:30:40
CUST-145,ELE-2002,7,17,0,2026-04-19 19:33:38
CUST-145,ELE-2003,8,19,0,2026-07-03 20:50:14
CUST-145,ELE-2004,4,11,0,2026-06-24 19:53:24
CUST-145,ELE-2005,7,18,0,2026-07-10 20:10:37
CUST-145,FAS-3001,5,39,0,2026-03-18 19:42:43
CUST-145,FAS-3002,5,47,0,2026-07-13 19:22:25
CUST-145,FAS-3003,8,53,0,2026-07-10 20:28:23
CUST-145,FAS-3004,5,45,0,2026-06-03 19:22:32
CUST-145,FAS-3005,5,43,0,2026-02-09 19:54:28
CUST-145,FIL-4001,2,6,0,2025-12-10 20:51:48
CUST-145,FIL-4002,10,55,0,2026-07-13 17:58:13
CUST-145,FIL-4003,4,28,0,2026-06-20 19:13:43
CUST-145,FIL-4004,7,30,0,2026-07-15 20:22:59
CUST-145,FIL-4005,6,42,0,2026-03-30 19:48:42
CUST-145,HYD-1001,5,17,0,2026-06-17 19:39:16
CUST-145,HYD-1002,3,8,0,2026-05-28 19:18:50
CUST-145,HYD-1003,5,20,0,2026-04-25 18:03:35
CUST-145,HYD-1004,3,11,0,2025-11-24 18:33:20
CUST-145,HYD-1005,6,20,0,2026-06-01 18:08:19
CUST-146,ELE-2001,10,33,0,2026-07-22 18:51:46
CUST-146,ELE-2002,3,5,0,2026-06-18 17:31:17
CUST-146,ELE-2003,7,12,0,2026-07-11 17:00:59
CUST-146,ELE-2004,5,12,0,2026-07-22 19:23:52
CUST-146,ELE-2005,11,29,0,2026-07-13 17:39:59
CUST-146,FAS-3001,6,56,0,2026-07-03 17:14:15
CUST-146,FAS-3002,3,22,0,2026-05-25 20:26:53
CUST-146,FAS-3003,4,43,0,2026-03-02 18:41:41
CUST-146,FAS-3004,4,34,0,2026-07-04 19:34:03
CUST-146,FAS-3005,6,44,0,2026-07-21 20:46:36
CUST-146,FIL-4001,9,47,3,2026-07-27 17:08:25
CUST-146,FIL-4002,5,41,4,2026-07-25 17:16:32
CUST-146,FIL-4003,6,35,0,2026-07-09 18:51:12
CUST-146,FIL-4005,3,16,0,2026-02-20 18:05:13
CUST-146,HYD-1001,2,7,2,2025-12-17 20:54:45
CUST-146,HYD-1002,4,8,0,2026-04-17 20:04:33
CUST-146,HYD-1003,6,24,0,2026-07-26 19:31:46
CUST-146,HYD-1004,4,20,0,2026-06-26 17:02:07
CUST-146,HYD-1005,4,13,0,2026-03-29 20:23:43
CUST-147,ELE-2001,6,15,0,2026-07-13 19:26:24
CUST-147,ELE-2002,2,6,0,2026-02-19 18:34:03
CUST-147,ELE-2003,4,11,0,2026-07-24 17:15:52
CUST-147,ELE-2004,7,17,0,2026-07-13 20:12:33
CUST-147,ELE-2005,4,12,0,2026-07-08 19:37:55
CUST-147,FAS-3001,3,26,0,2026-05-09 18:43:27
CUST-147,FAS-3002,6,45,0,2026-07-04 19:51:36
CUST-147,FAS-3003,8,61,0,2026-06-18 19:39:37
CUST-147,FAS-3004,4,43,0,2026-07-17 18:38:45
CUST-147,FAS-3005,3,31,0,2026-06-24 18:32:03
CUST-147,FIL-4001,5,36,4,2026-07-21 20:22:43
CUST-147,FIL-4002,5,29,0,2026-04-22 20:45:52
CUST-147,FIL-4003,3,16,0,2026-05-18 19:34:48
CUST-147,FIL-4004,8,58,0,2026-07-21 19:44:17
CUST-147,FIL-4005,8,40,0,2026-06-26 19:34:43
CUST-147,HYD-1001,6,18,0,2026-07-14 17:31:26
CUST-147,HYD-1002,5,17,0,2026-07-11 20:25:19
CUST-147,HYD-1003,7,17,1,2026-07-03 19:05:33
CUST-147,HYD-1004,3,9,0,2026-02-27 20:59:41
CUST-147,HYD-1005,4,12,0,2026-07-22 17:51:10
CUST-148,ELE-2001,6,12,0,2026-07-03 20:00:08
CUST-148,ELE-2002,1,2,0,2026-06-17 19:15:50
CUST-148,ELE-2003,3,8,0,2026-06-19 18:10:31
CUST-148,ELE-2004,7,18,0,2026-06-08 17:12:52
CUST-148,ELE-2005,5,14,0,2026-07-19 19:46:02
CUST-148,FAS-3001,7,51,0,2026-07-24 19:34:43
CUST-148,FAS-3002,4,21,0,2026-03-09 19:37:03
CUST-148,FAS-3003,4,36,0,2026-07-16 20:10:10
CUST-148,FAS-3004,8,61,0,2026-07-12 18:44:58
CUST-148,FAS-3005,5,44,0,2026-07-05 18:20:40
CUST-148,FIL-4001,4,24,0,2026-06-20 20:30:19
CUST-148,FIL-4002,3,14,0,2026-07-04 17:44:15
CUST-148,FIL-4003,7,47,3,2026-05-29 18:49:10
CUST-148,FIL-4004,8,61,0,2026-07-15 20:34:47
CUST-148,FIL-4005,3,21,0,2026-07-04 17:41:09
CUST-148,HYD-1001,5,15,0,2026-06-08 17:20:32
CUST-148,HYD-1002,7,23,0,2026-07-22 17:06:46
CUST-148,HYD-1003,4,20,1,2026-03-01 17:26:59
CUST-148,HYD-1004,4,15,0,2026-06-22 17:59:12
CUST-148,HYD-1005,3,12,0,2026-02-19 17:08:00
CUST-149,ELE-2001,6,19,0,2026-07-10 18:47:50
CUST-149,ELE-2002,6,18,0,2026-07-14 20:05:00
CUST-149,ELE-2003,3,5,0,2026-05-10 20:39:11
CUST-149,ELE-2004,6,8,0,2026-07-07 20:23:31
CUST-149,ELE-2005,4,10,0,2025-11-25 17:42:36
CUST-149,FAS-3001,3,25,0,2026-07-17 17:28:48
CUST-149,FAS-3002,5,46,0,2026-03-19 20:11:29
CUST-149,FAS-3003,4,28,0,2026-04-28 17:21:02
CUST-149,FAS-3004,6,54,0,2026-07-20 17:36:06
CUST-149,FAS-3005,7,64,0,2026-06-13 17:53:03
CUST-149,FIL-4001,3,16,0,2026-05-26 17:07:06
CUST-149,FIL-4002,4,27,0,2026-07-01 17:50:50
CUST-149,FIL-4003,13,86,6,2026-07-24 18:54:14
CUST-149,FIL-4004,3,20,0,2026-05-29 17:01:48
CUST-149,FIL-4005,7,45,0,2026-05-04 19:16:23
CUST-149,HYD-1001,5,16,2,2026-06-15 17:19:47
CUST-149,HYD-1002,9,32,2,2026-07-24 17:55:48
CUST-149,HYD-1003,8,32,2,2026-06-18 17:15:01
CUST-149,HYD-1004,5,19,0,2026-07-08 17:52:14
CUST-149,HYD-1005,5,18,0,2026-04-10 19:25:22
CUST-150,ELE-2001,4,13,0,2026-06-19 17:58:10
CUST-150,ELE-2002,8,23,2,2026-07-27 19:30:26
CUST-150,ELE-2003,6,9,0,2026-06-06 19:02:40
CUST-150,ELE-2004,5,9,0,2026-07-09 17:33:35
CUST-150,ELE-2005,6,14,2,2026-05-13 19:58:58
CUST-150,FAS-3001,7,56,0,2026-07-09 17:38:06
CUST-150,FAS-3002,6,53,0,2026-07-16 19:22:32
CUST-150,FAS-3003,4,44,6,2026-07-27 19:35:22
CUST-150,FAS-3004,5,35,0,2026-06-16 18:03:25
CUST-150,FAS-3005,3,32,0,2026-06-25 19:23:37
CUST-150,FIL-4001,3,20,0,2026-03-19 20:02:14
CUST-150,FIL-4002,6,36,0,2026-01-31 20:27:05
CUST-150,FIL-4003,6,30,0,2026-07-12 20:35:55
CUST-150,FIL-4004,9,56,4,2026-07-15 20:01:52
CUST-150,FIL-4005,7,42,0,2026-06-21 19:13:21
CUST-150,HYD-1001,5,25,10,2026-04-26 18:26:33
CUST-150,HYD-1002,5,12,1,2026-07-05 18:34:53
CUST-150,HYD-1003,6,22,0,2026-06-30 17:05:14
CUST-150,HYD-1004,6,27,2,2026-07-18 20:43:59
CUST-150,HYD-1005,1,4,0,2026-04-07 19:18:39
CUST-151,ELE-2001,9,26,0,2026-07-13 18:05:45
CUST-151,ELE-2002,6,15,0,2026-03-22 17:19:18
CUST-151,ELE-2003,6,16,1,2026-06-26 20:09:22
CUST-151,ELE-2004,3,8,1,2026-07-17 19:23:58
CUST-151,ELE-2005,1,4,0,2026-05-14 20:58:31
CUST-151,FAS-3001,4,36,0,2026-07-11 18:12:41
CUST-151,FAS-3002,7,68,2,2026-07-03 18:56:46
CUST-151,FAS-3003,2,16,0,2026-05-07 18:31:46
CUST-151,FAS-3004,4,31,0,2026-06-27 18:27:23
CUST-151,FAS-3005,7,61,0,2026-07-18 20:16:47
CUST-151,FIL-4001,5,34,15,2026-05-06 20:48:23
CUST-151,FIL-4002,5,33,0,2026-05-09 20:41:02
CUST-151,FIL-4003,5,28,0,2026-04-07 17:41:39
CUST-151,FIL-4004,2,14,0,2026-05-07 19:22:33
CUST-151,FIL-4005,5,26,1,2026-04-14 20:29:38
CUST-151,HYD-1001,4,17,1,2026-04-21 20:03:20
CUST-151,HYD-1002,4,12,1,2026-06-05 20:46:30
CUST-151,HYD-1003,7,21,3,2026-05-17 18:34:49
CUST-151,HYD-1004,7,30,0,2026-07-22 17:55:42
CUST-151,HYD-1005,4,12,0,2026-05-22 18:26:30
CUST-152,ELE-2001,6,12,0,2026-06-10 18:49:37
CUST-152,ELE-2002,4,9,0,2026-07-02 19:17:41
CUST-152,ELE-2003,2,3,0,2026-07-06 19:11:37
CUST-152,ELE-2004,2,4,2,2026-03-27 17:06:07
CUST-152,ELE-2005,4,13,0,2026-07-19 17:38:00
CUST-152,FAS-3001,7,61,0,2026-07-27 17:55:26
CUST-152,FAS-3002,5,46,4,2026-07-26 17:57:24
CUST-152,FAS-3003,3,33,0,2026-05-04 20:07:50
CUST-152,FAS-3004,3,29,0,2026-01-05 19:08:03
CUST-152,FAS-3005,7,65,0,2026-05-31 18:12:37
CUST-152,FIL-4001,6,42,0,2026-06-30 18:16:27
CUST-152,FIL-4002,3,23,1,2026-06-26 18:19:18
CUST-152,FIL-4003,2,14,0,2026-03-07 20:51:28
CUST-152,FIL-4004,3,20,7,2026-06-26 19:08:49
CUST-152,FIL-4005,6,36,0,2026-07-24 18:05:19
CUST-152,HYD-1001,2,9,0,2026-06-27 20:11:47
CUST-152,HYD-1002,4,12,0,2026-06-22 20:48:14
CUST-152,HYD-1003,6,24,0,2026-06-28 20:10:54
CUST-152,HYD-1004,5,23,0,2026-06-26 19:33:36
CUST-152,HYD-1005,3,10,0,2026-05-22 17:44:43
CUST-153,ELE-2001,2,6,0,2026-05-27 20:24:22
CUST-153,ELE-2002,2,2,0,2026-06-07 18:22:18
CUST-153,ELE-2003,3,14,0,2026-07-14 19:31:40
CUST-153,ELE-2004,4,10,0,2026-05-30 18:39:38
CUST-153,ELE-2005,3,10,0,2026-07-17 18:07:18
CUST-153,FAS-3001,8,67,0,2026-05-13 20:01:41
CUST-153,FAS-3003,5,55,0,2026-07-15 17:22:35
CUST-153,FAS-3004,4,28,0,2026-07-15 17:14:29
CUST-153,FAS-3005,4,33,0,2026-07-02 20:25:29
CUST-153,FIL-4001,6,36,0,2026-06-19 17:17:50
CUST-153,FIL-4002,4,23,6,2026-07-26 17:56:56
CUST-153,FIL-4003,6,36,0,2026-05-31 17:21:24
CUST-153,FIL-4004,7,41,0,2026-05-07 20:32:53
CUST-153,FIL-4005,5,42,0,2026-06-05 20:52:06
CUST-153,HYD-1001,2,8,0,2026-06-30 19:09:02
CUST-153,HYD-1002,5,21,5,2026-03-27 18:44:52
CUST-153,HYD-1003,8,27,0,2026-06-12 20:07:27
CUST-153,HYD-1004,6,20,0,2026-06-13 20:31:30
CUST-153,HYD-1005,5,11,0,2026-07-19 18:50:19
CUST-154,ELE-2001,4,5,0,2026-07-03 19:44:04
CUST-154,ELE-2002,3,7,0,2025-12-18 20:26:44
CUST-154,ELE-2003,5,10,0,2026-04-20 17:23:39
CUST-154,ELE-2004,5,11,3,2026-07-25 18:44:08
CUST-154,ELE-2005,3,6,0,2026-06-08 19:27:04
CUST-154,FAS-3001,5,47,0,2026-06-30 17:30:44
CUST-154,FAS-3002,1,11,0,2025-10-06 20:26:25
CUST-154,FAS-3003,4,35,0,2026-06-10 19:22:00
CUST-154,FAS-3004,3,30,0,2026-06-05 17:03:52
CUST-154,FAS-3005,7,64,0,2026-07-09 20:14:44
CUST-154,FIL-4001,2,18,0,2026-03-04 20:43:02
CUST-154,FIL-4002,3,16,0,2026-06-01 18:48:30
CUST-154,FIL-4003,4,22,0,2026-05-27 18:03:23
CUST-154,FIL-4004,6,37,0,2026-03-06 18:59:02
CUST-154,FIL-4005,4,14,0,2026-05-15 18:51:09
CUST-154,HYD-1001,3,13,0,2026-01-24 17:41:17
CUST-154,HYD-1002,4,15,0,2026-05-24 19:27:24
CUST-154,HYD-1003,6,22,2,2026-03-08 18:56:44
CUST-154,HYD-1004,3,13,1,2026-04-12 19:17:57
CUST-154,HYD-1005,5,14,0,2025-12-15 17:19:13
CUST-155,ELE-2001,6,16,0,2026-06-15 18:11:23
CUST-155,ELE-2002,3,6,0,2026-06-12 18:28:17
CUST-155,ELE-2003,6,15,0,2026-07-06 17:11:02
CUST-155,ELE-2004,2,8,0,2026-06-06 20:59:41
CUST-155,ELE-2005,3,6,0,2026-01-15 18:48:15
CUST-155,FAS-3001,6,47,0,2026-07-09 18:12:07
CUST-155,FAS-3002,8,68,7,2026-07-18 19:27:37
CUST-155,FAS-3003,8,58,0,2026-06-12 20:02:59
CUST-155,FAS-3004,7,64,0,2026-06-20 18:45:08
CUST-155,FAS-3005,3,21,0,2026-03-10 20:16:51
CUST-155,FIL-4001,9,47,9,2026-04-29 18:54:43
CUST-155,FIL-4002,2,17,0,2026-07-04 19:45:41
CUST-155,FIL-4003,4,27,0,2026-07-05 19:22:05
CUST-155,FIL-4004,2,15,0,2026-07-12 18:26:11
CUST-155,FIL-4005,11,70,6,2026-07-13 19:52:32
CUST-155,HYD-1001,2,10,4,2026-07-23 20:17:21
CUST-155,HYD-1002,4,17,0,2026-04-29 17:23:00
CUST-155,HYD-1003,6,22,0,2026-06-12 18:50:33
CUST-155,HYD-1004,7,33,0,2026-04-26 20:32:20
CUST-155,HYD-1005,4,14,0,2026-05-16 18:15:50
CUST-156,ELE-2001,7,16,0,2026-05-14 20:19:12
CUST-156,ELE-2002,5,8,0,2026-05-31 17:33:18
CUST-156,ELE-2003,3,9,0,2026-01-27 19:03:52
CUST-156,ELE-2004,4,14,0,2026-03-25 18:12:00
CUST-156,ELE-2005,1,1,1,2026-02-11 20:13:46
CUST-156,FAS-3001,4,32,0,2026-07-06 19:55:55
CUST-156,FAS-3002,11,84,0,2026-07-01 18:37:36
CUST-156,FAS-3003,6,39,0,2026-07-21 20:25:35
CUST-156,FAS-3004,10,85,7,2026-05-28 19:43:22
CUST-156,FAS-3005,3,25,0,2026-05-27 20:46:32
CUST-156,FIL-4001,6,46,4,2026-03-24 20:03:57
CUST-156,FIL-4002,3,12,0,2026-04-29 19:04:23
CUST-156,FIL-4003,5,21,2,2026-04-17 18:29:12
CUST-156,FIL-4004,7,51,7,2026-06-22 17:44:39
CUST-156,FIL-4005,4,25,8,2026-07-11 18:14:45
CUST-156,HYD-1001,5,19,3,2026-04-18 17:20:23
CUST-156,HYD-1002,3,9,0,2026-07-22 19:07:47
CUST-156,HYD-1003,2,7,0,2026-07-25 17:43:30
CUST-156,HYD-1004,12,47,5,2026-07-09 17:24:52
CUST-156,HYD-1005,8,27,2,2026-06-26 19:28:35
CUST-157,ELE-2001,5,7,0,2026-07-05 18:25:43
CUST-157,ELE-2002,3,4,0,2026-06-01 17:28:21
CUST-157,ELE-2003,5,13,0,2026-06-06 18:02:56
CUST-157,ELE-2004,4,11,0,2026-06-23 20:42:58
CUST-157,ELE-2005,4,8,0,2026-07-03 17:01:43
CUST-157,FAS-3001,6,43,0,2026-06-19 17:30:04
CUST-157,FAS-3002,3,24,0,2026-05-02 17:05:24
CUST-157,FAS-3003,6,63,0,2026-06-06 20:43:26
CUST-157,FAS-3004,1,10,0,2025-11-26 19:49:56
CUST-157,FAS-3005,4,33,0,2026-03-16 20:15:45
CUST-157,FIL-4001,5,34,6,2026-06-14 17:09:33
CUST-157,FIL-4002,9,56,0,2026-07-18 20:44:10
CUST-157,FIL-4003,4,26,0,2026-02-13 19:09:26
CUST-157,FIL-4004,4,20,3,2026-07-19 17:27:41
CUST-157,FIL-4005,7,35,3,2026-04-27 17:44:51
CUST-157,HYD-1001,8,34,3,2026-07-06 18:50:35
CUST-157,HYD-1002,4,21,0,2026-04-10 17:01:38
CUST-157,HYD-1003,7,18,2,2026-07-05 20:39:53
CUST-157,HYD-1004,2,5,0,2026-04-20 18:29:50
CUST-157,HYD-1005,6,19,0,2026-05-09 20:50:05
CUST-158,ELE-2001,5,12,0,2026-06-15 19:29:46
CUST-158,ELE-2002,7,18,2,2026-03-19 17:32:39
CUST-158,ELE-2003,6,11,0,2026-07-10 18:25:11
CUST-158,ELE-2004,7,19,0,2026-07-05 19:29:33
CUST-158,ELE-2005,5,13,0,2026-06-22 18:03:54
CUST-158,FAS-3001,3,30,0,2026-05-29 18:58:27
CUST-158,FAS-3002,7,62,0,2026-07-02 19:19:57
CUST-158,FAS-3003,4,35,7,2026-04-23 20:27:34
CUST-158,FAS-3004,7,68,0,2026-05-12 18:46:42
CUST-158,FAS-3005,7,49,0,2026-07-01 19:07:25
CUST-158,FIL-4001,7,42,0,2026-07-14 18:59:52
CUST-158,FIL-4002,9,47,0,2026-06-18 19:13:38
CUST-158,FIL-4003,7,41,0,2026-04-08 17:21:31
CUST-158,FIL-4004,2,10,0,2026-04-01 18:33:00
CUST-158,FIL-4005,5,37,0,2026-07-19 18:42:09
CUST-158,HYD-1001,6,15,0,2026-06-29 18:40:36
CUST-158,HYD-1002,6,16,0,2026-06-04 17:32:55
CUST-158,HYD-1003,4,18,0,2026-04-15 17:46:41
CUST-158,HYD-1004,4,10,0,2026-03-06 17:24:18
CUST-158,HYD-1005,4,13,2,2026-05-19 19:28:42
CUST-159,ELE-2001,5,11,0,2026-05-25 17:02:47
CUST-159,ELE-2002,3,3,0,2026-05-12 18:11:27
CUST-159,ELE-2003,4,7,0,2026-07-08 18:14:09
CUST-159,ELE-2004,6,11,0,2026-07-09 19:43:51
CUST-159,ELE-2005,1,2,0,2025-10-19 18:02:53
CUST-159,FAS-3001,6,58,0,2026-07-17 18:10:25
CUST-159,FAS-3002,6,57,0,2026-05-21 17:08:54
CUST-159,FAS-3003,10,96,0,2026-07-02 18:22:07
CUST-159,FAS-3004,4,28,0,2026-04-16 19:45:27
CUST-159,FAS-3005,6,47,0,2026-05-17 18:36:57
CUST-159,FIL-4001,5,27,5,2026-06-09 18:37:32
CUST-159,FIL-4002,1,3,0,2026-02-17 17:06:33
CUST-159,FIL-4003,3,13,0,2026-03-28 20:38:46
CUST-159,FIL-4004,8,56,8,2026-05-04 18:07:37
CUST-159,FIL-4005,5,32,0,2026-06-26 20:07:07
CUST-159,HYD-1001,8,27,1,2026-07-20 18:17:03
CUST-159,HYD-1002,2,7,0,2026-04-12 19:14:22
CUST-159,HYD-1003,2,5,0,2026-06-07 19:44:28
CUST-159,HYD-1004,6,17,0,2026-05-16 20:55:20
CUST-159,HYD-1005,4,12,0,2026-03-22 20:31:24
CUST-160,ELE-2001,2,9,0,2025-12-13 17:06:47
CUST-160,ELE-2002,6,11,0,2026-04-21 18:03:02
CUST-160,ELE-2003,4,8,0,2026-04-24 18:55:04
CUST-160,ELE-2004,5,6,0,2026-07-10 18:05:42
CUST-160,ELE-2005,6,13,0,2026-07-04 20:56:22
CUST-160,FAS-3001,9,68,1,2026-05-19 19:23:51
CUST-160,FAS-3002,4,34,0,2026-06-18 17:06:10
CUST-160,FAS-3003,3,30,0,2026-05-31 19:22:31
CUST-160,FAS-3004,3,29,0,2026-06-11 19:15:28
CUST-160,FAS-3005,4,38,0,2026-07-01 17:10:06
CUST-160,FIL-4001,3,21,0,2026-05-16 17:22:18
CUST-160,FIL-4002,7,45,0,2026-07-03 18:20:42
CUST-160,FIL-4003,9,53,8,2026-07-07 20:05:14
CUST-160,FIL-4004,4,20,0,2026-05-26 17:19:50
CUST-160,FIL-4005,8,47,0,2026-02-19 19:11:24
CUST-160,HYD-1001,6,24,9,2026-07-13 20:05:02
CUST-160,HYD-1002,7,16,2,2026-06-19 20:13:13
CUST-160,HYD-1003,4,17,0,2026-05-29 18:22:27
CUST-160,HYD-1004,2,13,0,2026-03-02 17:27:08
CUST-160,HYD-1005,3,6,0,2026-01-22 18:42:15
