Record_ID,Buyer_ID,Part_ID,Buyer_Transactions,Buyer_Units_Purchased,Buyer_Units_Returned,Last_Buyer_Purchase_Timestamp
1,CUST-101,ELE-2001,7,11,0,2026-07-26 19:08:43
2,CUST-101,ELE-2002,7,18,4,2026-07-09 19:49:47
3,CUST-101,ELE-2003,5,9,0,2026-03-27 19:43:37
4,CUST-101,ELE-2004,8,16,1,2026-06-12 20:38:50
5,CUST-101,ELE-2005,3,8,0,2026-03-19 18:38:32
6,CUST-101,FAS-3001,2,22,0,2026-04-19 20:13:11
7,CUST-101,FAS-3002,4,34,5,2026-03-09 17:13:56
8,CUST-101,FAS-3003,6,51,0,2026-05-19 17:23:42
9,CUST-101,FAS-3004,4,32,0,2026-07-08 18:52:19
10,CUST-101,FAS-3005,7,60,3,2026-07-17 17:48:43
11,CUST-101,FIL-4001,1,11,0,2026-03-19 17:36:11
12,CUST-101,FIL-4002,5,34,3,2026-05-08 18:57:46
13,CUST-101,FIL-4003,4,18,0,2026-05-27 20:52:08
14,CUST-101,FIL-4004,8,54,2,2026-05-19 20:40:40
15,CUST-101,FIL-4005,6,35,0,2025-12-16 20:51:15
16,CUST-101,HYD-1001,4,10,0,2026-05-30 18:24:58
17,CUST-101,HYD-1002,11,34,3,2026-07-09 19:04:37
18,CUST-101,HYD-1003,3,11,0,2026-03-07 20:29:39
19,CUST-101,HYD-1004,5,20,0,2026-04-15 18:04:16
20,CUST-101,HYD-1005,5,10,0,2026-05-17 18:22:48
21,CUST-102,ELE-2001,4,5,0,2026-06-08 17:11:29
22,CUST-102,ELE-2002,4,8,0,2026-06-14 19:06:42
23,CUST-102,ELE-2003,7,22,0,2026-06-04 18:43:05
24,CUST-102,ELE-2004,2,3,0,2026-07-09 19:03:49
25,CUST-102,ELE-2005,5,10,0,2026-05-01 20:05:58
26,CUST-102,FAS-3001,8,66,0,2026-07-22 19:24:50
27,CUST-102,FAS-3002,4,28,0,2026-05-28 18:25:42
28,CUST-102,FAS-3003,1,7,0,2025-09-25 18:47:21
29,CUST-102,FAS-3004,4,36,0,2026-06-08 18:11:50
30,CUST-102,FAS-3005,4,34,0,2026-07-17 20:58:39
31,CUST-102,FIL-4001,6,39,7,2026-07-01 18:24:57
32,CUST-102,FIL-4002,5,24,0,2026-05-24 17:17:02
33,CUST-102,FIL-4003,8,46,0,2026-03-31 19:55:16
34,CUST-102,FIL-4004,4,16,4,2026-02-18 19:11:37
35,CUST-102,FIL-4005,5,19,0,2026-01-15 18:48:46
36,CUST-102,HYD-1001,5,22,0,2026-07-17 17:20:37
37,CUST-102,HYD-1002,6,25,0,2026-06-20 18:57:41
38,CUST-102,HYD-1003,2,10,0,2026-02-04 17:18:00
39,CUST-102,HYD-1004,7,24,0,2026-06-05 17:42:38
40,CUST-102,HYD-1005,2,6,0,2026-02-28 20:38:41
41,CUST-103,ELE-2001,8,21,1,2026-05-26 17:44:53
42,CUST-103,ELE-2002,6,14,1,2026-07-15 20:55:21
43,CUST-103,ELE-2003,6,17,0,2026-03-13 18:25:07
44,CUST-103,ELE-2004,3,6,0,2026-02-24 17:56:44
45,CUST-103,ELE-2005,3,10,0,2026-03-02 17:51:17
46,CUST-103,FAS-3001,5,49,0,2026-07-13 17:59:07
47,CUST-103,FAS-3002,4,31,0,2026-04-26 17:38:30
48,CUST-103,FAS-3003,4,41,0,2026-07-14 19:49:42
49,CUST-103,FAS-3004,3,36,0,2026-02-07 18:53:52
50,CUST-103,FAS-3005,3,25,0,2026-05-23 17:23:37
51,CUST-103,FIL-4001,3,17,0,2025-10-12 17:55:59
52,CUST-103,FIL-4002,6,39,0,2026-06-30 20:39:08
53,CUST-103,FIL-4003,4,25,6,2026-07-05 18:48:10
54,CUST-103,FIL-4004,1,5,0,2026-04-29 17:24:46
55,CUST-103,FIL-4005,7,52,4,2026-07-07 18:14:32
56,CUST-103,HYD-1001,5,15,0,2026-07-26 19:29:46
57,CUST-103,HYD-1002,2,9,2,2026-06-30 17:13:15
58,CUST-103,HYD-1003,6,22,0,2026-03-20 19:33:53
59,CUST-103,HYD-1004,17,64,0,2026-07-06 17:40:59
60,CUST-103,HYD-1005,10,27,0,2026-07-23 18:25:32
61,CUST-104,ELE-2001,4,6,0,2026-05-25 18:39:15
62,CUST-104,ELE-2002,3,8,0,2026-06-10 20:06:03
63,CUST-104,ELE-2003,6,17,0,2026-06-29 18:52:42
64,CUST-104,ELE-2004,6,11,1,2026-05-29 17:52:43
65,CUST-104,ELE-2005,2,2,0,2026-06-27 17:55:42
66,CUST-104,FAS-3001,4,38,0,2026-07-20 20:10:36
67,CUST-104,FAS-3002,6,61,0,2026-05-30 17:33:10
68,CUST-104,FAS-3003,2,13,0,2026-06-30 20:53:43
69,CUST-104,FAS-3004,7,52,0,2026-05-21 20:49:36
70,CUST-104,FAS-3005,5,48,0,2026-05-25 17:24:04
71,CUST-104,FIL-4001,6,48,0,2026-07-22 20:03:16
72,CUST-104,FIL-4002,5,39,12,2026-04-11 20:59:17
73,CUST-104,FIL-4003,6,42,0,2026-06-29 17:12:11
74,CUST-104,FIL-4004,3,21,4,2026-05-12 17:37:12
75,CUST-104,FIL-4005,7,43,4,2026-07-24 17:38:31
76,CUST-104,HYD-1001,2,3,0,2026-07-18 20:34:34
77,CUST-104,HYD-1002,4,20,0,2026-04-10 19:56:44
78,CUST-104,HYD-1003,3,7,5,2026-03-03 18:19:08
79,CUST-104,HYD-1004,7,25,2,2026-05-31 19:30:48
80,CUST-104,HYD-1005,6,16,0,2026-06-23 18:23:10
81,CUST-105,ELE-2001,5,14,0,2026-07-23 17:26:20
82,CUST-105,ELE-2002,7,23,1,2026-06-15 19:01:12
83,CUST-105,ELE-2003,2,3,0,2026-07-24 18:14:26
84,CUST-105,ELE-2004,1,1,0,2026-04-23 20:14:15
85,CUST-105,ELE-2005,1,2,0,2026-05-11 19:53:46
86,CUST-105,FAS-3001,5,51,13,2026-04-04 17:06:44
87,CUST-105,FAS-3002,6,46,0,2026-07-03 20:54:36
88,CUST-105,FAS-3003,5,45,0,2026-05-18 18:36:39
89,CUST-105,FAS-3004,8,50,0,2026-07-21 20:55:33
90,CUST-105,FAS-3005,8,60,0,2026-05-30 17:35:09
91,CUST-105,FIL-4001,5,31,0,2026-07-09 19:06:27
92,CUST-105,FIL-4002,5,30,0,2026-05-31 20:12:49
93,CUST-105,FIL-4003,1,7,0,2025-10-10 18:49:39
94,CUST-105,FIL-4004,5,36,0,2026-04-03 20:57:55
95,CUST-105,FIL-4005,9,52,3,2026-06-30 19:39:20
96,CUST-105,HYD-1001,3,18,0,2026-04-05 17:12:38
97,CUST-105,HYD-1002,5,16,0,2026-05-26 20:41:56
98,CUST-105,HYD-1003,4,15,0,2026-05-17 20:03:25
99,CUST-105,HYD-1004,6,28,0,2026-07-22 20:05:48
100,CUST-105,HYD-1005,10,36,0,2026-07-09 17:25:03
101,CUST-106,ELE-2001,4,10,0,2025-11-10 18:26:17
102,CUST-106,ELE-2002,7,17,0,2026-06-25 19:05:33
103,CUST-106,ELE-2003,2,6,4,2026-01-24 18:19:06
104,CUST-106,ELE-2004,7,16,1,2026-07-10 20:18:01
105,CUST-106,ELE-2005,8,23,0,2026-03-16 19:35:25
106,CUST-106,FAS-3001,4,41,0,2026-01-18 19:41:13
107,CUST-106,FAS-3002,6,52,0,2026-05-21 20:29:33
108,CUST-106,FAS-3003,3,27,0,2026-07-13 19:08:48
109,CUST-106,FAS-3004,6,50,0,2026-07-24 18:10:23
110,CUST-106,FAS-3005,3,25,0,2026-05-20 19:30:41
111,CUST-106,FIL-4001,5,24,2,2026-07-18 18:00:13
112,CUST-106,FIL-4002,4,15,0,2026-06-13 17:09:35
113,CUST-106,FIL-4003,2,14,0,2026-06-15 17:34:03
114,CUST-106,FIL-4004,6,43,0,2026-06-15 18:54:48
115,CUST-106,FIL-4005,4,23,0,2026-04-15 18:35:18
116,CUST-106,HYD-1001,3,9,0,2025-12-24 18:53:24
117,CUST-106,HYD-1002,3,14,3,2026-04-21 19:36:30
118,CUST-106,HYD-1003,2,5,0,2026-05-02 20:29:28
119,CUST-106,HYD-1004,3,6,0,2026-07-04 19:23:39
120,CUST-106,HYD-1005,7,21,1,2026-06-21 19:59:37
121,CUST-107,ELE-2001,4,11,1,2026-07-10 20:16:06
122,CUST-107,ELE-2002,4,12,0,2026-05-13 17:32:09
123,CUST-107,ELE-2003,7,15,0,2026-05-19 20:39:22
124,CUST-107,ELE-2004,6,18,0,2026-07-15 17:20:04
125,CUST-107,ELE-2005,8,22,0,2026-06-11 18:40:40
126,CUST-107,FAS-3001,2,20,0,2026-05-16 19:13:25
127,CUST-107,FAS-3002,7,71,1,2026-04-24 18:39:11
128,CUST-107,FAS-3003,3,34,9,2026-07-10 17:32:56
129,CUST-107,FAS-3004,6,52,0,2026-07-14 20:23:17
130,CUST-107,FAS-3005,5,53,0,2026-02-09 17:01:51
131,CUST-107,FIL-4001,2,12,0,2026-02-21 19:32:42
132,CUST-107,FIL-4002,9,65,0,2026-07-27 18:56:21
133,CUST-107,FIL-4003,8,47,0,2026-06-02 20:51:28
134,CUST-107,FIL-4004,1,6,0,2026-05-09 17:34:16
135,CUST-107,FIL-4005,5,29,3,2026-05-08 20:22:28
136,CUST-107,HYD-1001,8,28,0,2026-04-26 18:06:40
137,CUST-107,HYD-1002,5,18,0,2026-05-17 18:05:02
138,CUST-107,HYD-1003,6,19,0,2026-05-11 18:42:58
139,CUST-107,HYD-1004,5,17,0,2026-07-13 17:34:10
140,CUST-107,HYD-1005,4,22,0,2026-03-29 17:05:45
141,CUST-108,ELE-2001,3,4,1,2026-06-12 18:12:59
142,CUST-108,ELE-2002,8,12,0,2026-07-17 18:54:13
143,CUST-108,ELE-2003,3,8,0,2026-05-26 20:16:13
144,CUST-108,ELE-2004,3,13,0,2026-05-21 17:57:12
145,CUST-108,ELE-2005,7,17,1,2026-07-23 18:08:04
146,CUST-108,FAS-3001,7,59,0,2026-07-21 19:20:14
147,CUST-108,FAS-3002,4,31,0,2026-07-19 19:48:26
148,CUST-108,FAS-3003,2,8,1,2026-07-02 19:17:12
149,CUST-108,FAS-3004,6,51,7,2026-07-02 20:10:27
150,CUST-108,FAS-3005,3,34,0,2026-02-23 18:53:26
151,CUST-108,FIL-4001,5,31,0,2026-06-06 19:16:52
152,CUST-108,FIL-4002,5,20,0,2026-07-14 17:25:29
153,CUST-108,FIL-4003,4,33,0,2026-05-06 19:42:01
154,CUST-108,FIL-4004,2,16,0,2026-01-05 17:52:16
155,CUST-108,FIL-4005,4,24,3,2026-07-03 17:44:31
156,CUST-108,HYD-1001,4,20,0,2026-06-10 19:53:09
157,CUST-108,HYD-1002,7,24,0,2026-06-19 19:21:45
158,CUST-108,HYD-1003,2,8,0,2026-05-29 20:08:38
159,CUST-108,HYD-1004,4,12,0,2026-05-12 17:31:34
160,CUST-108,HYD-1005,4,16,0,2026-07-27 20:39:30
161,CUST-109,ELE-2001,3,5,0,2026-07-09 19:40:51
162,CUST-109,ELE-2002,8,20,3,2026-05-30 19:23:07
163,CUST-109,ELE-2003,9,13,0,2026-04-25 20:07:44
164,CUST-109,ELE-2004,8,26,0,2026-07-10 17:15:14
165,CUST-109,ELE-2005,3,8,0,2026-01-28 20:42:02
166,CUST-109,FAS-3001,4,41,0,2026-07-19 18:01:37
167,CUST-109,FAS-3002,5,33,0,2026-07-11 20:16:08
168,CUST-109,FAS-3003,4,28,0,2026-02-11 20:55:18
169,CUST-109,FAS-3004,7,68,8,2026-04-27 19:10:31
170,CUST-109,FAS-3005,6,58,0,2026-06-23 18:40:23
171,CUST-109,FIL-4001,6,48,0,2026-06-04 20:07:25
172,CUST-109,FIL-4002,9,55,7,2026-07-09 18:21:36
173,CUST-109,FIL-4003,4,24,0,2026-05-21 20:18:46
174,CUST-109,FIL-4004,3,18,0,2026-04-18 19:02:04
175,CUST-109,FIL-4005,5,33,0,2026-05-27 19:36:46
176,CUST-109,HYD-1001,5,24,5,2026-02-04 19:56:31
177,CUST-109,HYD-1002,4,14,0,2026-06-02 20:51:31
178,CUST-109,HYD-1003,4,11,0,2026-04-12 20:26:53
179,CUST-109,HYD-1004,11,32,1,2026-07-07 20:16:08
180,CUST-109,HYD-1005,8,33,3,2026-06-09 19:17:19
181,CUST-110,ELE-2001,1,2,0,2026-07-02 19:01:03
182,CUST-110,ELE-2002,6,12,0,2026-05-03 19:48:58
183,CUST-110,ELE-2003,11,23,0,2026-07-25 19:28:04
184,CUST-110,ELE-2005,4,7,0,2026-06-12 19:55:50
185,CUST-110,FAS-3001,4,36,0,2026-04-04 19:42:39
186,CUST-110,FAS-3002,3,25,0,2026-07-26 17:04:23
187,CUST-110,FAS-3003,2,26,0,2026-03-30 17:57:40
188,CUST-110,FAS-3004,2,12,1,2025-12-25 18:41:47
189,CUST-110,FAS-3005,5,47,0,2026-07-09 20:35:57
190,CUST-110,FIL-4001,4,24,0,2026-07-20 17:37:47
191,CUST-110,FIL-4002,6,26,0,2026-06-17 20:44:51
192,CUST-110,FIL-4003,5,35,4,2026-05-28 19:52:41
193,CUST-110,FIL-4004,5,32,2,2026-04-20 19:37:53
194,CUST-110,FIL-4005,7,47,3,2026-07-14 20:21:05
195,CUST-110,HYD-1001,2,4,0,2026-05-15 20:28:49
196,CUST-110,HYD-1002,5,22,0,2026-07-01 19:44:50
197,CUST-110,HYD-1003,2,5,0,2026-04-28 18:44:40
198,CUST-110,HYD-1004,4,18,0,2025-12-17 17:18:38
199,CUST-110,HYD-1005,3,14,0,2026-05-21 19:00:08
200,CUST-111,ELE-2001,8,20,2,2026-04-17 17:27:50
201,CUST-111,ELE-2002,5,8,0,2026-07-07 17:38:17
202,CUST-111,ELE-2003,6,13,0,2026-07-20 19:57:14
203,CUST-111,ELE-2004,6,19,0,2026-06-06 18:23:00
204,CUST-111,ELE-2005,6,24,0,2026-03-23 18:49:47
205,CUST-111,FAS-3001,5,46,10,2026-05-06 19:09:48
206,CUST-111,FAS-3002,4,27,0,2026-06-30 19:00:27
207,CUST-111,FAS-3003,8,75,0,2026-07-21 19:06:48
208,CUST-111,FAS-3004,6,40,0,2026-06-27 18:53:53
209,CUST-111,FAS-3005,5,45,0,2026-07-22 19:04:03
210,CUST-111,FIL-4001,5,31,0,2026-06-25 20:04:07
211,CUST-111,FIL-4002,11,71,0,2026-05-27 17:43:37
212,CUST-111,FIL-4003,8,34,4,2026-07-21 17:27:13
213,CUST-111,FIL-4004,6,32,8,2026-07-21 18:53:19
214,CUST-111,FIL-4005,4,22,0,2026-07-25 18:30:02
215,CUST-111,HYD-1001,6,22,0,2026-05-10 18:37:26
216,CUST-111,HYD-1002,2,8,0,2026-04-04 20:44:32
217,CUST-111,HYD-1003,6,21,0,2026-05-07 20:43:01
218,CUST-111,HYD-1004,9,24,0,2026-06-01 19:03:39
219,CUST-111,HYD-1005,7,23,1,2026-06-25 17:29:27
220,CUST-112,ELE-2001,5,8,0,2026-03-16 19:28:00
221,CUST-112,ELE-2002,8,17,0,2026-06-26 20:50:20
222,CUST-112,ELE-2003,7,18,0,2026-05-30 20:12:47
223,CUST-112,ELE-2004,5,11,0,2026-07-03 17:00:58
224,CUST-112,ELE-2005,5,19,0,2026-06-02 20:50:54
225,CUST-112,FAS-3001,6,43,0,2026-07-27 20:57:04
226,CUST-112,FAS-3002,7,65,0,2026-06-19 20:49:32
227,CUST-112,FAS-3003,5,39,6,2026-07-27 17:01:48
228,CUST-112,FAS-3004,6,48,0,2026-06-18 19:29:12
229,CUST-112,FAS-3005,5,54,0,2026-07-21 17:46:24
230,CUST-112,FIL-4001,10,56,0,2026-07-25 20:35:29
231,CUST-112,FIL-4002,4,26,0,2026-07-19 17:49:49
232,CUST-112,FIL-4003,7,36,0,2026-07-23 19:14:48
233,CUST-112,FIL-4004,3,9,0,2026-07-23 19:46:11
234,CUST-112,FIL-4005,4,15,2,2026-04-29 20:47:21
235,CUST-112,HYD-1001,7,26,0,2026-07-22 20:31:40
236,CUST-112,HYD-1002,4,20,5,2026-04-26 17:36:42
237,CUST-112,HYD-1003,3,12,0,2026-06-18 20:43:28
238,CUST-112,HYD-1004,6,13,0,2026-06-12 19:34:54
239,CUST-112,HYD-1005,7,28,0,2026-07-24 20:43:51
240,CUST-113,ELE-2001,3,11,0,2026-06-20 20:51:20
241,CUST-113,ELE-2002,6,12,0,2026-07-20 20:13:53
242,CUST-113,ELE-2003,6,13,1,2026-05-22 17:45:51
243,CUST-113,ELE-2004,5,8,1,2026-07-27 20:58:08
244,CUST-113,ELE-2005,2,5,0,2026-05-08 18:35:18
245,CUST-113,FAS-3001,5,52,0,2026-07-14 20:57:50
246,CUST-113,FAS-3002,4,40,0,2026-07-01 17:51:30
247,CUST-113,FAS-3003,2,14,0,2026-07-12 18:40:54
248,CUST-113,FAS-3004,7,69,0,2026-07-11 17:53:28
249,CUST-113,FAS-3005,10,95,0,2026-07-17 20:46:22
250,CUST-113,FIL-4001,7,41,9,2026-07-26 19:45:37
251,CUST-113,FIL-4002,9,52,0,2026-06-30 18:12:10
252,CUST-113,FIL-4003,3,16,0,2026-06-20 19:14:55
253,CUST-113,FIL-4004,5,26,0,2026-03-24 19:28:33
254,CUST-113,FIL-4005,2,14,0,2025-10-04 17:00:47
255,CUST-113,HYD-1001,4,15,0,2026-06-27 17:34:10
256,CUST-113,HYD-1002,2,9,1,2026-03-09 20:25:44
257,CUST-113,HYD-1003,4,9,0,2026-06-05 17:45:15
258,CUST-113,HYD-1004,6,13,0,2026-07-18 17:58:24
259,CUST-113,HYD-1005,3,17,0,2026-04-08 17:13:02
260,CUST-114,ELE-2001,5,11,0,2026-05-19 20:03:17
261,CUST-114,ELE-2002,5,9,0,2026-06-22 18:16:09
262,CUST-114,ELE-2003,3,7,0,2026-07-21 20:20:36
263,CUST-114,ELE-2004,8,26,0,2026-07-20 18:53:17
264,CUST-114,ELE-2005,3,6,0,2026-04-24 19:43:11
265,CUST-114,FAS-3001,3,23,0,2026-06-16 20:13:24
266,CUST-114,FAS-3002,4,36,0,2026-05-23 18:47:50
267,CUST-114,FAS-3003,3,17,0,2026-01-18 18:21:07
268,CUST-114,FAS-3004,2,14,0,2026-01-18 17:25:39
269,CUST-114,FAS-3005,4,35,0,2026-06-19 19:19:12
270,CUST-114,FIL-4001,7,35,0,2026-06-15 17:04:10
271,CUST-114,FIL-4002,7,49,0,2026-06-12 17:59:46
272,CUST-114,FIL-4003,1,11,0,2026-06-25 18:28:46
273,CUST-114,FIL-4004,2,6,0,2026-04-18 17:27:22
274,CUST-114,FIL-4005,2,11,0,2026-07-20 19:22:27
275,CUST-114,HYD-1001,8,31,0,2026-07-05 19:34:06
276,CUST-114,HYD-1002,9,24,0,2026-07-21 18:45:18
277,CUST-114,HYD-1003,11,29,2,2026-07-14 17:34:32
278,CUST-114,HYD-1004,6,16,0,2026-07-22 18:28:38
279,CUST-114,HYD-1005,5,18,5,2026-07-01 17:56:47
280,CUST-115,ELE-2001,4,15,0,2026-07-12 18:15:06
281,CUST-115,ELE-2002,2,5,0,2026-05-14 18:20:44
282,CUST-115,ELE-2003,7,18,0,2026-06-02 18:54:51
283,CUST-115,ELE-2004,7,21,0,2026-05-11 20:45:28
284,CUST-115,ELE-2005,6,14,0,2026-07-18 19:13:24
285,CUST-115,FAS-3001,4,32,0,2026-06-30 19:43:19
286,CUST-115,FAS-3002,5,50,0,2026-07-20 19:43:57
287,CUST-115,FAS-3003,5,52,0,2026-07-20 17:53:28
288,CUST-115,FAS-3004,5,37,0,2026-05-20 18:34:33
289,CUST-115,FAS-3005,6,53,0,2026-07-01 17:57:38
290,CUST-115,FIL-4001,3,14,0,2026-04-09 17:14:11
291,CUST-115,FIL-4002,3,25,0,2026-02-13 19:41:34
292,CUST-115,FIL-4003,5,37,0,2026-06-24 20:25:57
293,CUST-115,FIL-4004,5,30,4,2026-07-05 19:54:08
294,CUST-115,FIL-4005,8,63,5,2026-07-20 20:46:05
295,CUST-115,HYD-1001,7,22,2,2026-07-03 19:40:28
296,CUST-115,HYD-1002,8,30,4,2026-06-14 17:02:47
297,CUST-115,HYD-1003,5,20,0,2026-05-08 18:58:11
298,CUST-115,HYD-1004,6,14,1,2026-07-14 20:15:03
299,CUST-115,HYD-1005,6,22,0,2026-03-04 18:00:30
300,CUST-116,ELE-2001,2,6,0,2026-05-18 17:41:02
301,CUST-116,ELE-2002,2,3,0,2026-05-05 19:00:45
302,CUST-116,ELE-2003,6,11,1,2026-07-22 19:36:50
303,CUST-116,ELE-2004,8,20,0,2026-07-14 19:46:34
304,CUST-116,ELE-2005,4,7,0,2025-12-17 18:00:21
305,CUST-116,FAS-3001,11,90,0,2026-06-25 18:30:21
306,CUST-116,FAS-3002,7,70,0,2026-07-06 19:45:06
307,CUST-116,FAS-3003,2,16,0,2026-04-12 19:50:08
308,CUST-116,FAS-3004,9,81,0,2026-05-31 17:39:50
309,CUST-116,FAS-3005,5,44,0,2026-07-19 17:21:09
310,CUST-116,FIL-4001,7,51,0,2026-04-21 18:18:53
311,CUST-116,FIL-4002,7,42,0,2026-07-12 17:56:24
312,CUST-116,FIL-4003,3,21,0,2026-07-02 20:35:22
313,CUST-116,FIL-4004,5,40,0,2026-07-18 18:56:17
314,CUST-116,FIL-4005,4,21,0,2026-06-26 20:54:55
315,CUST-116,HYD-1001,6,26,0,2026-07-20 17:10:01
316,CUST-116,HYD-1002,3,16,0,2026-04-05 18:00:07
317,CUST-116,HYD-1003,5,18,0,2026-07-25 17:40:54
318,CUST-116,HYD-1004,6,18,0,2026-07-27 17:53:04
319,CUST-116,HYD-1005,8,22,0,2026-07-12 18:59:25
320,CUST-117,ELE-2001,8,15,0,2026-06-05 18:50:09
321,CUST-117,ELE-2002,7,15,0,2026-07-20 18:00:28
322,CUST-117,ELE-2003,4,7,1,2026-05-18 18:27:28
323,CUST-117,ELE-2004,4,10,0,2026-05-25 18:18:01
324,CUST-117,ELE-2005,6,13,0,2026-03-13 18:39:33
325,CUST-117,FAS-3001,1,10,0,2026-01-19 19:18:29
326,CUST-117,FAS-3002,7,60,0,2026-07-23 20:53:05
327,CUST-117,FAS-3003,2,19,0,2025-12-12 18:41:05
328,CUST-117,FAS-3004,5,61,0,2026-04-26 18:03:01
329,CUST-117,FAS-3005,6,38,0,2026-04-24 19:24:58
330,CUST-117,FIL-4001,4,26,0,2026-04-20 17:52:35
331,CUST-117,FIL-4002,2,9,0,2026-06-12 17:20:41
332,CUST-117,FIL-4003,4,33,0,2026-04-25 17:06:33
333,CUST-117,FIL-4004,9,70,7,2026-06-19 20:13:34
334,CUST-117,FIL-4005,2,7,0,2026-01-19 18:05:25
335,CUST-117,HYD-1001,3,9,0,2026-05-02 17:02:15
336,CUST-117,HYD-1002,4,15,0,2026-07-22 18:24:40
337,CUST-117,HYD-1003,8,25,4,2026-07-14 20:35:42
338,CUST-117,HYD-1004,5,18,0,2026-07-15 18:25:58
339,CUST-117,HYD-1005,6,17,0,2026-05-09 17:54:56
340,CUST-118,ELE-2001,5,17,0,2026-05-18 20:36:29
341,CUST-118,ELE-2002,2,2,0,2026-04-17 20:59:12
342,CUST-118,ELE-2003,3,7,0,2026-07-01 20:46:51
343,CUST-118,ELE-2004,7,11,0,2026-06-10 20:49:43
344,CUST-118,ELE-2005,5,13,0,2026-05-09 17:43:31
345,CUST-118,FAS-3001,3,21,0,2026-06-18 17:04:29
346,CUST-118,FAS-3002,5,38,11,2026-04-12 19:57:14
347,CUST-118,FAS-3003,6,50,0,2026-07-17 18:14:04
348,CUST-118,FAS-3004,4,37,0,2026-06-11 20:43:38
349,CUST-118,FAS-3005,3,25,0,2026-03-14 19:40:36
350,CUST-118,FIL-4001,4,27,0,2026-06-25 17:36:50
351,CUST-118,FIL-4002,5,30,0,2026-02-21 20:16:50
352,CUST-118,FIL-4003,4,19,2,2026-07-24 20:12:40
353,CUST-118,FIL-4004,5,24,0,2026-04-28 18:19:39
354,CUST-118,FIL-4005,4,28,0,2026-04-10 19:52:02
355,CUST-118,HYD-1001,6,19,0,2026-06-03 17:16:43
356,CUST-118,HYD-1002,5,12,0,2026-07-17 20:25:44
357,CUST-118,HYD-1003,4,15,0,2026-04-21 17:11:57
358,CUST-118,HYD-1004,5,26,0,2026-06-06 20:47:11
359,CUST-118,HYD-1005,8,26,0,2026-07-15 20:40:19
360,CUST-119,ELE-2001,8,14,0,2026-06-22 20:03:39
361,CUST-119,ELE-2002,8,19,0,2026-07-11 20:54:30
362,CUST-119,ELE-2003,10,25,2,2026-02-27 18:11:30
363,CUST-119,ELE-2004,4,7,0,2026-07-08 20:45:25
364,CUST-119,ELE-2005,3,17,1,2026-02-23 19:32:24
365,CUST-119,FAS-3001,7,57,0,2026-07-26 18:05:36
366,CUST-119,FAS-3002,9,71,0,2026-06-28 17:41:55
367,CUST-119,FAS-3003,4,43,0,2026-07-23 17:49:13
368,CUST-119,FAS-3004,8,57,0,2026-07-16 19:19:13
369,CUST-119,FAS-3005,5,55,0,2026-03-10 19:37:15
370,CUST-119,FIL-4001,3,26,0,2026-07-23 18:14:20
371,CUST-119,FIL-4002,5,28,0,2026-05-23 18:43:24
372,CUST-119,FIL-4003,7,49,0,2026-06-17 19:28:40
373,CUST-119,FIL-4004,5,38,0,2026-03-10 18:07:05
374,CUST-119,FIL-4005,8,41,0,2026-07-26 17:45:22
375,CUST-119,HYD-1001,12,42,5,2026-06-22 20:24:20
376,CUST-119,HYD-1002,7,14,0,2026-07-10 18:27:26
377,CUST-119,HYD-1003,3,12,0,2026-07-14 20:22:57
378,CUST-119,HYD-1004,4,14,4,2026-06-13 19:38:25
379,CUST-119,HYD-1005,3,10,1,2026-06-02 18:11:35
380,CUST-120,ELE-2001,8,26,0,2026-06-19 18:17:21
381,CUST-120,ELE-2002,6,15,0,2026-05-24 18:40:42
382,CUST-120,ELE-2003,7,18,0,2026-07-06 19:34:51
383,CUST-120,ELE-2004,9,27,0,2026-07-18 19:02:10
384,CUST-120,ELE-2005,4,10,0,2026-07-09 19:58:24
385,CUST-120,FAS-3001,3,26,0,2026-07-09 18:25:25
386,CUST-120,FAS-3002,2,19,0,2026-01-25 19:29:03
387,CUST-120,FAS-3003,2,15,0,2026-06-07 17:26:34
388,CUST-120,FAS-3004,3,18,0,2026-07-02 19:57:52
389,CUST-120,FAS-3005,5,39,0,2026-06-03 18:48:17
390,CUST-120,FIL-4001,13,91,11,2026-06-24 18:21:33
391,CUST-120,FIL-4002,2,11,0,2026-06-03 20:08:54
392,CUST-120,FIL-4003,4,35,0,2026-04-09 17:48:27
393,CUST-120,FIL-4004,8,44,2,2026-06-06 19:51:31
394,CUST-120,FIL-4005,5,32,0,2026-06-20 19:59:58
395,CUST-120,HYD-1001,6,24,0,2026-06-14 19:23:45
396,CUST-120,HYD-1002,5,17,3,2026-02-13 18:39:38
397,CUST-120,HYD-1003,5,21,0,2026-02-08 17:20:29
398,CUST-120,HYD-1004,4,11,0,2026-04-22 18:27:47
399,CUST-120,HYD-1005,3,4,0,2026-06-19 17:53:39
400,CUST-121,ELE-2001,7,18,0,2026-06-27 18:51:49
401,CUST-121,ELE-2002,7,15,1,2026-06-20 20:37:28
402,CUST-121,ELE-2003,4,11,2,2026-06-04 18:34:35
403,CUST-121,ELE-2004,2,5,0,2026-03-30 17:49:53
404,CUST-121,ELE-2005,4,8,0,2026-07-07 18:01:03
405,CUST-121,FAS-3001,4,35,0,2026-07-19 20:01:20
406,CUST-121,FAS-3002,6,46,0,2026-07-01 18:35:59
407,CUST-121,FAS-3003,7,57,4,2026-05-08 18:31:08
408,CUST-121,FAS-3004,5,45,0,2026-04-07 18:00:24
409,CUST-121,FAS-3005,5,50,0,2026-07-24 17:14:05
410,CUST-121,FIL-4001,6,36,4,2026-07-20 17:09:42
411,CUST-121,FIL-4002,3,20,0,2026-04-15 17:26:51
412,CUST-121,FIL-4003,4,25,0,2026-05-17 17:05:20
413,CUST-121,FIL-4004,6,38,0,2026-05-25 17:31:12
414,CUST-121,FIL-4005,4,23,0,2026-07-04 19:56:05
415,CUST-121,HYD-1001,3,11,0,2026-05-31 18:06:37
416,CUST-121,HYD-1002,3,11,0,2026-07-23 17:50:23
417,CUST-121,HYD-1003,8,30,0,2026-07-07 18:39:02
418,CUST-121,HYD-1004,3,8,0,2026-04-27 18:44:31
419,CUST-121,HYD-1005,5,12,4,2026-07-10 17:18:32
420,CUST-122,ELE-2001,3,4,0,2026-05-21 17:41:44
421,CUST-122,ELE-2002,4,14,0,2026-07-25 20:44:05
422,CUST-122,ELE-2003,6,13,1,2026-07-05 17:07:29
423,CUST-122,ELE-2004,8,18,0,2026-04-18 18:31:07
424,CUST-122,ELE-2005,4,12,0,2026-07-02 20:37:32
425,CUST-122,FAS-3001,2,22,0,2026-07-01 18:35:56
426,CUST-122,FAS-3002,4,34,0,2026-04-06 20:54:07
427,CUST-122,FAS-3003,6,52,4,2026-05-30 19:41:36
428,CUST-122,FAS-3004,5,49,5,2026-02-24 20:29:44
429,CUST-122,FAS-3005,2,12,0,2025-10-29 18:48:31
430,CUST-122,FIL-4001,2,15,0,2026-07-13 19:01:50
431,CUST-122,FIL-4002,6,38,5,2026-07-16 17:58:01
432,CUST-122,FIL-4003,9,53,3,2026-07-17 18:43:51
433,CUST-122,FIL-4004,3,19,0,2026-04-21 19:02:45
434,CUST-122,FIL-4005,1,4,0,2025-12-09 17:39:05
435,CUST-122,HYD-1001,4,15,0,2026-07-16 20:32:30
436,CUST-122,HYD-1002,7,25,0,2026-06-22 20:54:09
437,CUST-122,HYD-1003,4,17,0,2026-07-26 18:08:41
438,CUST-122,HYD-1004,6,14,4,2026-04-05 18:10:31
439,CUST-122,HYD-1005,5,24,0,2026-07-11 18:50:11
440,CUST-123,ELE-2001,3,8,0,2026-05-15 17:54:02
441,CUST-123,ELE-2002,7,18,0,2026-06-18 17:45:09
442,CUST-123,ELE-2003,2,3,0,2026-03-25 19:09:04
443,CUST-123,ELE-2004,7,15,0,2026-07-19 19:46:27
444,CUST-123,ELE-2005,6,16,0,2026-06-25 20:17:29
445,CUST-123,FAS-3001,8,68,3,2026-06-23 19:47:27
446,CUST-123,FAS-3002,5,37,0,2026-04-13 18:42:12
447,CUST-123,FAS-3003,6,62,0,2026-06-06 17:36:29
448,CUST-123,FAS-3004,7,62,0,2026-06-16 20:27:32
449,CUST-123,FAS-3005,5,48,0,2026-07-16 18:09:26
450,CUST-123,FIL-4001,6,31,0,2026-07-02 18:41:25
451,CUST-123,FIL-4002,6,37,0,2026-04-28 18:42:43
452,CUST-123,FIL-4003,8,54,4,2026-06-28 19:07:21
453,CUST-123,FIL-4004,5,32,0,2026-05-09 19:30:41
454,CUST-123,FIL-4005,2,11,0,2026-01-18 19:34:46
455,CUST-123,HYD-1001,9,27,1,2026-07-24 17:07:49
456,CUST-123,HYD-1002,6,23,0,2026-06-28 18:20:59
457,CUST-123,HYD-1003,4,13,0,2026-05-31 18:22:54
458,CUST-123,HYD-1004,4,16,0,2026-06-18 18:18:21
459,CUST-123,HYD-1005,7,25,0,2026-05-11 17:41:07
460,CUST-124,ELE-2001,6,11,0,2026-07-15 18:33:39
461,CUST-124,ELE-2002,2,5,0,2026-02-08 19:35:00
462,CUST-124,ELE-2003,8,18,0,2026-06-06 18:49:43
463,CUST-124,ELE-2004,1,3,0,2026-01-11 20:19:06
464,CUST-124,ELE-2005,2,2,0,2026-07-07 17:08:40
465,CUST-124,FAS-3001,5,37,0,2026-03-21 18:39:59
466,CUST-124,FAS-3002,7,62,0,2026-05-07 20:55:58
467,CUST-124,FAS-3003,4,40,0,2026-06-13 18:32:30
468,CUST-124,FAS-3004,7,64,0,2026-07-16 18:13:19
469,CUST-124,FAS-3005,3,32,0,2026-05-14 19:16:26
470,CUST-124,FIL-4001,4,21,0,2026-04-10 18:22:46
471,CUST-124,FIL-4002,3,27,7,2026-02-13 20:50:39
472,CUST-124,FIL-4003,5,28,0,2026-06-19 17:32:36
473,CUST-124,FIL-4004,4,21,0,2026-06-13 20:37:19
474,CUST-124,FIL-4005,3,22,0,2026-05-18 18:16:25
475,CUST-124,HYD-1001,4,12,1,2026-07-16 19:31:36
476,CUST-124,HYD-1002,4,11,0,2026-06-10 17:42:20
477,CUST-124,HYD-1003,8,24,4,2026-07-27 20:47:16
478,CUST-124,HYD-1004,10,43,3,2026-06-22 20:18:46
479,CUST-124,HYD-1005,4,16,4,2026-07-25 19:11:49
480,CUST-125,ELE-2001,6,10,0,2026-07-02 19:25:53
481,CUST-125,ELE-2002,2,5,0,2026-04-17 18:11:11
482,CUST-125,ELE-2003,6,18,0,2026-03-29 18:44:51
483,CUST-125,ELE-2004,3,7,0,2026-05-20 19:10:49
484,CUST-125,ELE-2005,6,12,0,2026-07-10 20:49:54
485,CUST-125,FAS-3001,6,59,0,2026-05-24 18:52:21
486,CUST-125,FAS-3002,5,44,0,2026-07-26 19:39:13
487,CUST-125,FAS-3003,3,33,0,2026-07-14 20:02:11
488,CUST-125,FAS-3004,8,72,0,2026-05-28 20:06:10
489,CUST-125,FAS-3005,5,46,0,2026-07-15 18:14:45
490,CUST-125,FIL-4001,4,31,0,2026-03-31 17:43:23
491,CUST-125,FIL-4002,3,24,0,2026-04-27 19:57:00
492,CUST-125,FIL-4003,10,62,2,2026-07-12 19:37:02
493,CUST-125,FIL-4004,3,16,0,2026-07-24 20:45:14
494,CUST-125,FIL-4005,1,10,0,2025-12-24 18:06:27
495,CUST-125,HYD-1001,5,13,0,2026-06-16 19:55:30
496,CUST-125,HYD-1002,5,26,7,2026-07-24 17:10:06
497,CUST-125,HYD-1003,7,27,0,2026-07-09 17:13:59
498,CUST-125,HYD-1004,7,28,0,2026-07-08 17:09:46
499,CUST-125,HYD-1005,3,8,0,2026-07-14 17:43:58
500,CUST-126,ELE-2001,7,16,0,2026-06-02 20:56:30
501,CUST-126,ELE-2002,5,12,1,2026-03-05 20:06:40
502,CUST-126,ELE-2003,5,15,0,2026-02-26 20:05:13
503,CUST-126,ELE-2004,3,9,0,2026-07-07 20:47:36
504,CUST-126,ELE-2005,5,10,1,2026-06-29 19:00:34
505,CUST-126,FAS-3001,2,17,0,2026-06-28 17:19:11
506,CUST-126,FAS-3002,1,10,0,2025-11-07 19:33:21
507,CUST-126,FAS-3003,3,29,0,2026-06-09 18:40:05
508,CUST-126,FAS-3004,3,19,0,2026-06-07 17:03:01
509,CUST-126,FAS-3005,8,66,0,2026-06-10 20:41:59
510,CUST-126,FIL-4001,6,31,0,2026-06-28 20:44:15
511,CUST-126,FIL-4002,5,24,0,2026-07-27 17:49:42
512,CUST-126,FIL-4003,3,16,0,2026-03-13 17:59:44
513,CUST-126,FIL-4004,2,16,3,2026-04-12 17:38:56
514,CUST-126,FIL-4005,7,46,2,2026-07-23 19:54:58
515,CUST-126,HYD-1001,3,15,0,2026-05-20 20:40:03
516,CUST-126,HYD-1002,5,16,0,2026-04-23 20:40:22
517,CUST-126,HYD-1003,5,18,0,2026-04-13 17:34:24
518,CUST-126,HYD-1004,4,12,0,2026-04-19 20:23:47
519,CUST-126,HYD-1005,3,13,0,2026-04-20 20:13:59
520,CUST-127,ELE-2001,6,10,0,2026-06-23 20:56:33
521,CUST-127,ELE-2002,4,10,0,2026-07-09 17:41:09
522,CUST-127,ELE-2003,5,9,1,2026-07-24 19:07:13
523,CUST-127,ELE-2004,8,21,0,2026-06-13 18:26:45
524,CUST-127,ELE-2005,3,4,0,2026-06-27 18:40:40
525,CUST-127,FAS-3001,1,8,0,2025-09-28 17:09:39
526,CUST-127,FAS-3002,2,20,0,2025-11-26 18:43:54
527,CUST-127,FAS-3003,3,22,0,2026-02-01 19:24:34
528,CUST-127,FAS-3004,6,64,0,2026-06-09 19:42:49
529,CUST-127,FAS-3005,5,42,0,2026-07-27 19:59:25
530,CUST-127,FIL-4001,6,39,0,2026-07-22 19:59:14
531,CUST-127,FIL-4002,4,26,0,2026-05-09 17:59:22
532,CUST-127,FIL-4003,4,23,1,2026-06-17 19:55:00
533,CUST-127,FIL-4004,3,23,5,2026-02-25 20:30:12
534,CUST-127,FIL-4005,7,48,0,2026-07-26 19:59:40
535,CUST-127,HYD-1001,6,21,0,2026-07-15 18:57:53
536,CUST-127,HYD-1002,3,6,0,2025-12-01 20:07:54
537,CUST-127,HYD-1003,6,17,0,2026-02-05 18:08:54
538,CUST-127,HYD-1004,8,35,3,2026-06-01 17:46:48
539,CUST-127,HYD-1005,4,14,4,2026-06-14 20:50:32
540,CUST-128,ELE-2001,3,7,0,2026-04-08 20:19:44
541,CUST-128,ELE-2002,2,7,0,2025-11-30 17:41:22
542,CUST-128,ELE-2003,4,8,1,2026-04-23 18:04:48
543,CUST-128,ELE-2004,7,18,0,2026-03-25 18:26:44
544,CUST-128,ELE-2005,6,16,1,2026-06-18 20:18:39
545,CUST-128,FAS-3001,3,14,0,2026-03-13 17:15:55
546,CUST-128,FAS-3002,2,17,0,2026-03-09 19:13:58
547,CUST-128,FAS-3003,5,45,5,2026-05-07 19:52:04
548,CUST-128,FAS-3004,1,13,0,2025-11-06 18:48:52
549,CUST-128,FAS-3005,2,25,0,2026-07-12 18:52:52
550,CUST-128,FIL-4001,4,25,2,2026-04-26 17:54:01
551,CUST-128,FIL-4002,2,12,0,2026-05-04 17:12:05
552,CUST-128,FIL-4003,6,41,1,2026-07-15 20:10:19
553,CUST-128,FIL-4004,4,28,0,2026-07-23 19:39:23
554,CUST-128,FIL-4005,5,26,0,2026-07-17 20:36:32
555,CUST-128,HYD-1001,9,33,3,2026-06-18 18:27:43
556,CUST-128,HYD-1002,5,8,0,2026-05-26 18:01:47
557,CUST-128,HYD-1003,8,31,0,2026-07-25 17:39:36
558,CUST-128,HYD-1004,6,24,1,2026-06-17 19:32:11
559,CUST-128,HYD-1005,9,31,0,2026-05-16 17:18:34
560,CUST-129,ELE-2001,5,11,0,2026-05-20 20:21:26
561,CUST-129,ELE-2002,5,12,0,2026-05-25 17:31:55
562,CUST-129,ELE-2003,6,17,0,2026-05-24 17:52:37
563,CUST-129,ELE-2004,8,16,2,2026-07-16 18:12:05
564,CUST-129,ELE-2005,8,22,1,2026-07-13 18:06:11
565,CUST-129,FAS-3001,9,73,0,2026-07-11 18:03:29
566,CUST-129,FAS-3002,5,60,9,2026-04-18 19:38:35
567,CUST-129,FAS-3003,4,32,0,2026-07-14 20:03:00
568,CUST-129,FAS-3004,3,27,0,2026-06-20 20:38:13
569,CUST-129,FAS-3005,7,56,0,2026-07-22 18:30:33
570,CUST-129,FIL-4001,4,28,0,2026-05-07 19:23:07
571,CUST-129,FIL-4002,8,41,0,2026-07-07 18:34:07
572,CUST-129,FIL-4003,4,36,7,2026-03-25 17:57:10
573,CUST-129,FIL-4004,10,71,0,2026-07-18 17:26:57
574,CUST-129,FIL-4005,8,49,5,2026-07-06 19:54:34
575,CUST-129,HYD-1001,5,12,0,2026-07-03 20:50:15
576,CUST-129,HYD-1002,2,9,0,2026-07-23 17:29:40
577,CUST-129,HYD-1003,8,26,0,2026-04-10 20:16:39
578,CUST-129,HYD-1004,5,10,1,2026-05-24 17:36:12
579,CUST-129,HYD-1005,6,20,0,2026-07-02 17:50:06
580,CUST-130,ELE-2001,5,10,0,2026-07-23 20:43:12
581,CUST-130,ELE-2002,2,5,0,2025-12-13 17:51:04
582,CUST-130,ELE-2003,3,12,0,2026-07-02 18:57:22
583,CUST-130,ELE-2004,8,22,0,2026-07-03 17:25:31
584,CUST-130,ELE-2005,5,13,0,2026-06-04 19:01:21
585,CUST-130,FAS-3001,5,35,0,2026-05-04 18:57:52
586,CUST-130,FAS-3002,4,32,0,2026-06-03 19:43:46
587,CUST-130,FAS-3003,6,38,0,2026-06-03 20:39:43
588,CUST-130,FAS-3004,2,15,0,2026-06-10 19:51:15
589,CUST-130,FAS-3005,2,15,0,2026-03-02 19:06:08
590,CUST-130,FIL-4001,9,62,0,2026-07-09 20:16:44
591,CUST-130,FIL-4002,1,4,0,2025-10-16 17:18:37
592,CUST-130,FIL-4003,4,22,0,2026-03-16 18:18:18
593,CUST-130,FIL-4004,7,39,0,2026-04-24 19:47:10
594,CUST-130,FIL-4005,3,20,1,2026-06-21 18:11:06
595,CUST-130,HYD-1001,3,8,0,2026-06-07 18:45:59
596,CUST-130,HYD-1002,3,9,0,2026-01-23 20:16:45
597,CUST-130,HYD-1003,7,21,0,2026-07-22 20:00:24
598,CUST-130,HYD-1004,2,7,2,2026-05-06 20:19:27
599,CUST-130,HYD-1005,6,27,0,2026-06-26 18:31:01
600,CUST-131,ELE-2001,3,8,0,2026-07-24 20:11:30
601,CUST-131,ELE-2002,5,13,0,2026-06-23 18:52:30
602,CUST-131,ELE-2003,4,6,2,2026-07-16 17:17:17
603,CUST-131,ELE-2004,3,5,0,2026-04-10 18:21:00
604,CUST-131,ELE-2005,8,18,4,2026-07-23 19:10:50
605,CUST-131,FAS-3001,8,79,0,2026-06-16 19:41:19
606,CUST-131,FAS-3002,4,41,0,2026-04-23 20:08:47
607,CUST-131,FAS-3003,5,55,0,2026-07-24 18:09:11
608,CUST-131,FAS-3004,5,39,0,2026-07-14 17:10:35
609,CUST-131,FAS-3005,5,42,0,2026-06-07 18:11:38
610,CUST-131,FIL-4001,2,11,0,2026-03-14 17:22:33
611,CUST-131,FIL-4002,6,30,0,2026-07-20 20:30:02
612,CUST-131,FIL-4003,4,28,0,2026-06-19 19:57:35
613,CUST-131,FIL-4004,4,34,0,2026-04-06 20:44:30
614,CUST-131,FIL-4005,3,13,1,2026-06-27 19:21:16
615,CUST-131,HYD-1001,5,18,1,2026-07-09 19:08:45
616,CUST-131,HYD-1002,1,7,0,2025-09-06 17:34:02
617,CUST-131,HYD-1003,4,14,0,2026-06-29 20:19:21
618,CUST-131,HYD-1004,4,16,0,2026-07-07 20:16:35
619,CUST-131,HYD-1005,8,32,0,2026-06-23 17:56:26
620,CUST-132,ELE-2001,6,17,5,2026-07-25 19:15:53
621,CUST-132,ELE-2002,2,3,0,2026-06-09 20:11:44
622,CUST-132,ELE-2003,2,4,0,2026-01-12 18:48:52
623,CUST-132,ELE-2004,7,25,0,2026-06-03 18:41:15
624,CUST-132,ELE-2005,7,22,1,2026-04-27 20:24:12
625,CUST-132,FAS-3001,8,65,17,2026-07-04 17:46:03
626,CUST-132,FAS-3002,4,24,0,2026-04-08 18:16:07
627,CUST-132,FAS-3003,4,43,0,2026-05-26 20:47:27
628,CUST-132,FAS-3004,6,52,0,2026-03-04 18:58:30
629,CUST-132,FAS-3005,5,41,0,2026-06-20 18:10:57
630,CUST-132,FIL-4001,5,26,0,2026-07-07 20:02:19
631,CUST-132,FIL-4002,1,5,0,2026-04-20 18:25:12
632,CUST-132,FIL-4003,5,28,4,2026-05-10 20:15:30
633,CUST-132,FIL-4004,4,31,0,2026-07-26 20:35:48
634,CUST-132,FIL-4005,8,51,1,2026-05-13 19:30:16
635,CUST-132,HYD-1001,10,34,0,2026-07-09 17:47:46
636,CUST-132,HYD-1002,3,12,0,2026-04-30 20:26:14
637,CUST-132,HYD-1003,6,25,1,2026-06-02 20:09:34
638,CUST-132,HYD-1004,7,36,1,2026-07-18 19:32:00
639,CUST-132,HYD-1005,4,16,0,2026-03-20 17:41:37
640,CUST-133,ELE-2001,6,17,0,2026-07-17 20:50:23
641,CUST-133,ELE-2002,2,4,0,2026-06-08 18:30:09
642,CUST-133,ELE-2003,3,6,1,2026-07-25 18:59:56
643,CUST-133,ELE-2004,5,9,1,2026-06-12 17:11:17
644,CUST-133,ELE-2005,4,7,0,2025-12-29 20:17:54
645,CUST-133,FAS-3001,4,31,0,2026-03-20 20:34:35
646,CUST-133,FAS-3002,4,22,0,2026-07-19 18:52:37
647,CUST-133,FAS-3003,6,59,0,2026-06-24 20:07:56
648,CUST-133,FAS-3004,5,42,0,2026-04-22 19:39:52
649,CUST-133,FAS-3005,6,58,4,2026-07-06 18:54:04
650,CUST-133,FIL-4001,4,25,3,2026-02-21 19:32:08
651,CUST-133,FIL-4002,7,59,5,2026-07-26 20:14:08
652,CUST-133,FIL-4003,3,17,0,2026-05-05 18:00:28
653,CUST-133,FIL-4004,5,34,0,2026-06-07 19:09:10
654,CUST-133,FIL-4005,6,30,1,2026-03-26 17:04:45
655,CUST-133,HYD-1001,3,10,0,2026-03-20 19:24:38
656,CUST-133,HYD-1002,5,17,1,2026-05-06 17:43:37
657,CUST-133,HYD-1003,2,13,0,2026-04-29 20:10:50
658,CUST-133,HYD-1004,5,18,0,2026-03-23 18:58:51
659,CUST-133,HYD-1005,5,14,0,2026-04-07 20:01:15
660,CUST-134,ELE-2001,9,23,0,2026-07-13 19:46:27
661,CUST-134,ELE-2002,6,19,0,2026-05-29 18:13:57
662,CUST-134,ELE-2003,3,9,0,2025-11-18 18:00:10
663,CUST-134,ELE-2004,5,7,0,2026-07-13 20:34:49
664,CUST-134,ELE-2005,4,10,0,2026-05-06 17:21:07
665,CUST-134,FAS-3001,7,58,0,2026-06-29 18:37:25
666,CUST-134,FAS-3002,2,19,0,2026-03-08 20:04:22
667,CUST-134,FAS-3003,7,65,0,2026-07-08 18:43:48
668,CUST-134,FAS-3004,3,23,0,2026-06-15 18:15:57
669,CUST-134,FAS-3005,2,16,0,2026-05-05 19:30:03
670,CUST-134,FIL-4001,6,35,0,2026-06-08 17:28:38
671,CUST-134,FIL-4002,6,35,3,2026-04-16 18:16:56
672,CUST-134,FIL-4003,2,11,0,2026-07-15 17:37:27
673,CUST-134,FIL-4004,11,56,3,2026-05-12 20:25:11
674,CUST-134,FIL-4005,6,36,4,2026-06-15 18:03:14
675,CUST-134,HYD-1001,6,22,0,2026-07-18 18:23:32
676,CUST-134,HYD-1002,5,19,1,2026-05-12 17:28:10
677,CUST-134,HYD-1003,7,27,0,2026-06-03 19:01:00
678,CUST-134,HYD-1004,4,13,0,2026-06-15 18:27:25
679,CUST-134,HYD-1005,5,19,0,2026-05-09 20:56:34
680,CUST-135,ELE-2001,3,10,0,2026-06-06 17:31:38
681,CUST-135,ELE-2002,6,8,0,2026-07-02 20:55:40
682,CUST-135,ELE-2003,4,9,0,2026-07-13 18:44:57
683,CUST-135,ELE-2004,5,10,0,2026-07-16 17:26:52
684,CUST-135,ELE-2005,8,18,0,2026-06-04 19:56:41
685,CUST-135,FAS-3001,4,50,0,2026-04-27 17:14:22
686,CUST-135,FAS-3002,8,74,9,2026-06-14 20:51:56
687,CUST-135,FAS-3003,5,35,0,2026-07-27 19:20:27
688,CUST-135,FAS-3004,9,87,0,2026-07-11 20:05:39
689,CUST-135,FAS-3005,1,3,0,2025-12-19 20:56:07
690,CUST-135,FIL-4001,10,59,1,2026-07-16 17:15:55
691,CUST-135,FIL-4002,10,72,8,2026-06-25 17:02:59
692,CUST-135,FIL-4003,6,35,13,2026-01-27 20:22:15
693,CUST-135,FIL-4004,7,37,4,2026-06-17 20:33:13
694,CUST-135,FIL-4005,6,43,8,2026-06-06 20:02:47
695,CUST-135,HYD-1001,7,26,0,2026-07-14 19:31:56
696,CUST-135,HYD-1002,6,19,0,2026-06-17 18:51:07
697,CUST-135,HYD-1003,1,2,0,2026-05-09 18:48:14
698,CUST-135,HYD-1004,2,8,0,2026-07-11 19:23:45
699,CUST-135,HYD-1005,5,24,0,2026-06-02 19:36:17
700,CUST-136,ELE-2001,6,16,0,2026-07-06 17:08:17
701,CUST-136,ELE-2002,5,8,0,2026-07-01 17:42:38
702,CUST-136,ELE-2003,6,10,0,2026-06-23 18:28:35
703,CUST-136,ELE-2004,5,13,0,2026-06-26 20:58:09
704,CUST-136,ELE-2005,4,10,1,2026-07-19 19:05:53
705,CUST-136,FAS-3001,7,61,0,2026-06-24 19:36:58
706,CUST-136,FAS-3002,3,22,0,2026-05-05 18:49:58
707,CUST-136,FAS-3003,7,52,0,2026-06-21 19:34:19
708,CUST-136,FAS-3004,5,34,0,2026-05-30 18:38:10
709,CUST-136,FAS-3005,9,59,0,2026-05-31 18:36:07
710,CUST-136,FIL-4001,4,20,0,2026-03-04 18:43:37
711,CUST-136,FIL-4002,3,18,0,2026-06-08 17:04:49
712,CUST-136,FIL-4003,6,44,0,2026-07-24 20:47:23
713,CUST-136,FIL-4004,2,15,0,2026-07-19 19:52:56
714,CUST-136,FIL-4005,5,33,2,2026-07-09 20:16:16
715,CUST-136,HYD-1001,3,15,0,2026-02-24 18:04:28
716,CUST-136,HYD-1002,4,10,0,2026-04-11 19:33:35
717,CUST-136,HYD-1003,3,16,0,2026-07-06 19:13:09
718,CUST-136,HYD-1004,4,12,0,2026-06-02 18:36:37
719,CUST-136,HYD-1005,6,13,0,2026-06-04 18:16:12
720,CUST-137,ELE-2001,6,16,0,2026-06-21 17:36:06
721,CUST-137,ELE-2002,6,15,0,2026-07-20 19:54:28
722,CUST-137,ELE-2003,7,16,0,2026-07-12 18:27:18
723,CUST-137,ELE-2004,3,9,0,2026-03-24 20:23:37
724,CUST-137,ELE-2005,3,9,0,2026-06-12 18:02:21
725,CUST-137,FAS-3001,4,37,0,2026-07-22 17:35:46
726,CUST-137,FAS-3002,3,20,0,2026-02-14 20:17:57
727,CUST-137,FAS-3003,1,6,0,2026-07-14 18:56:00
728,CUST-137,FAS-3004,6,53,0,2026-06-19 18:40:52
729,CUST-137,FAS-3005,1,11,0,2025-10-02 20:03:25
730,CUST-137,FIL-4001,4,16,0,2026-05-10 18:22:15
731,CUST-137,FIL-4002,8,43,4,2026-07-02 20:05:29
732,CUST-137,FIL-4003,3,15,0,2026-06-11 18:09:49
733,CUST-137,FIL-4004,9,49,0,2026-06-26 20:00:18
734,CUST-137,FIL-4005,5,24,2,2026-06-08 20:10:17
735,CUST-137,HYD-1001,1,1,0,2026-03-13 17:44:57
736,CUST-137,HYD-1002,7,18,0,2026-07-26 18:02:50
737,CUST-137,HYD-1003,9,32,0,2026-06-17 19:58:07
738,CUST-137,HYD-1004,2,6,0,2026-05-18 19:19:54
739,CUST-137,HYD-1005,4,15,0,2026-03-21 18:28:38
740,CUST-138,ELE-2001,5,12,2,2026-03-26 19:43:46
741,CUST-138,ELE-2002,3,4,0,2026-03-28 18:11:52
742,CUST-138,ELE-2003,5,8,1,2026-07-02 20:20:34
743,CUST-138,ELE-2004,3,9,0,2026-07-26 18:27:20
744,CUST-138,ELE-2005,9,25,0,2026-07-10 19:14:10
745,CUST-138,FAS-3001,9,75,0,2026-05-21 18:51:25
746,CUST-138,FAS-3002,5,40,0,2026-06-18 18:36:51
747,CUST-138,FAS-3003,5,46,0,2026-04-20 17:04:21
748,CUST-138,FAS-3004,6,45,0,2026-06-26 20:45:36
749,CUST-138,FAS-3005,5,36,0,2026-05-24 18:02:06
750,CUST-138,FIL-4001,8,50,7,2026-05-14 17:51:30
751,CUST-138,FIL-4002,5,34,0,2026-01-27 17:44:45
752,CUST-138,FIL-4003,9,58,0,2026-06-05 18:39:17
753,CUST-138,FIL-4004,6,34,0,2026-06-13 18:33:31
754,CUST-138,FIL-4005,3,25,1,2026-05-01 17:03:58
755,CUST-138,HYD-1001,9,27,1,2026-03-16 20:30:47
756,CUST-138,HYD-1002,5,16,0,2026-06-09 17:06:35
757,CUST-138,HYD-1003,5,23,4,2026-07-06 20:31:06
758,CUST-138,HYD-1004,4,16,0,2026-03-30 18:52:17
759,CUST-138,HYD-1005,7,13,0,2026-05-03 18:46:13
760,CUST-139,ELE-2001,4,8,0,2026-04-21 17:30:21
761,CUST-139,ELE-2002,7,19,0,2026-05-21 19:46:50
762,CUST-139,ELE-2003,2,2,1,2026-06-25 20:36:37
763,CUST-139,ELE-2004,7,18,5,2026-05-16 18:14:08
764,CUST-139,ELE-2005,10,28,0,2026-07-14 17:57:56
765,CUST-139,FAS-3001,4,30,0,2026-07-16 17:43:55
766,CUST-139,FAS-3002,3,28,0,2026-07-23 20:56:10
767,CUST-139,FAS-3003,10,71,0,2026-07-14 18:34:45
768,CUST-139,FAS-3004,4,34,0,2026-05-19 19:20:55
769,CUST-139,FAS-3005,4,38,0,2026-06-21 20:14:42
770,CUST-139,FIL-4001,5,25,5,2026-07-10 18:58:32
771,CUST-139,FIL-4002,2,16,0,2025-12-16 17:22:37
772,CUST-139,FIL-4003,2,19,0,2026-07-21 20:34:36
773,CUST-139,FIL-4004,4,20,0,2026-06-16 19:23:54
774,CUST-139,FIL-4005,3,21,0,2026-07-06 17:08:39
775,CUST-139,HYD-1001,3,6,0,2026-03-29 20:36:48
776,CUST-139,HYD-1002,4,15,0,2026-06-26 17:10:32
777,CUST-139,HYD-1003,5,20,0,2026-04-09 19:38:16
778,CUST-139,HYD-1004,5,23,0,2026-06-15 20:21:14
779,CUST-139,HYD-1005,6,18,0,2026-05-03 20:54:37
780,CUST-140,ELE-2001,5,15,0,2026-07-24 20:04:23
781,CUST-140,ELE-2002,6,13,0,2026-05-25 17:48:50
782,CUST-140,ELE-2003,3,4,0,2026-03-19 20:50:44
783,CUST-140,ELE-2004,1,2,0,2025-12-17 19:01:58
784,CUST-140,ELE-2005,2,4,0,2026-05-29 20:38:24
785,CUST-140,FAS-3001,7,75,0,2026-07-08 20:09:24
786,CUST-140,FAS-3002,6,62,0,2026-07-06 18:07:29
787,CUST-140,FAS-3003,6,63,0,2026-06-12 19:54:35
788,CUST-140,FAS-3004,7,63,0,2026-06-23 18:48:25
789,CUST-140,FAS-3005,5,38,0,2026-07-17 17:23:17
790,CUST-140,FIL-4001,5,32,5,2026-07-25 20:34:22
791,CUST-140,FIL-4002,7,36,1,2026-06-23 19:07:02
792,CUST-140,FIL-4003,7,56,0,2026-04-25 20:46:34
793,CUST-140,FIL-4004,8,43,0,2026-07-11 18:54:04
794,CUST-140,FIL-4005,6,32,0,2026-01-13 17:41:29
795,CUST-140,HYD-1001,7,20,0,2026-07-11 19:47:53
796,CUST-140,HYD-1002,1,6,0,2026-03-08 18:01:43
797,CUST-140,HYD-1003,6,10,0,2026-03-20 20:09:52
798,CUST-140,HYD-1004,4,17,0,2025-12-31 20:11:56
799,CUST-140,HYD-1005,6,19,1,2026-07-11 17:46:56
800,CUST-141,ELE-2002,5,8,0,2026-03-07 18:43:37
801,CUST-141,ELE-2003,3,4,0,2026-07-09 19:57:45
802,CUST-141,ELE-2004,9,21,0,2026-04-22 18:29:09
803,CUST-141,ELE-2005,3,5,0,2026-07-15 18:34:40
804,CUST-141,FAS-3001,3,24,0,2026-07-23 19:56:00
805,CUST-141,FAS-3002,4,39,0,2026-07-17 17:45:57
806,CUST-141,FAS-3003,4,38,0,2026-07-13 20:34:59
807,CUST-141,FAS-3004,8,63,0,2026-04-19 17:36:15
808,CUST-141,FAS-3005,8,65,4,2026-07-26 18:16:22
809,CUST-141,FIL-4001,5,35,0,2026-06-06 17:09:19
810,CUST-141,FIL-4002,6,44,0,2026-06-23 18:48:59
811,CUST-141,FIL-4003,4,28,0,2026-05-06 20:44:12
812,CUST-141,FIL-4004,6,45,0,2026-07-27 18:12:15
813,CUST-141,FIL-4005,4,23,0,2026-03-25 18:46:17
814,CUST-141,HYD-1001,7,19,0,2026-07-04 20:27:53
815,CUST-141,HYD-1002,7,23,0,2026-07-02 20:03:13
816,CUST-141,HYD-1003,6,21,0,2026-03-15 20:01:20
817,CUST-141,HYD-1004,3,11,0,2026-02-18 19:26:48
818,CUST-141,HYD-1005,6,21,0,2026-05-29 19:48:21
819,CUST-142,ELE-2001,6,14,1,2026-04-23 19:20:06
820,CUST-142,ELE-2002,4,7,0,2026-07-25 19:28:50
821,CUST-142,ELE-2003,5,15,0,2026-05-30 18:44:32
822,CUST-142,ELE-2004,4,11,0,2026-06-30 18:48:30
823,CUST-142,ELE-2005,5,15,1,2026-07-06 17:47:03
824,CUST-142,FAS-3001,5,51,0,2026-06-30 19:13:58
825,CUST-142,FAS-3002,9,67,0,2026-06-27 20:45:14
826,CUST-142,FAS-3003,6,58,0,2026-06-23 18:16:42
827,CUST-142,FAS-3004,2,13,4,2026-05-11 20:24:50
828,CUST-142,FAS-3005,5,39,0,2026-06-20 20:14:06
829,CUST-142,FIL-4001,4,21,1,2026-07-06 18:02:10
830,CUST-142,FIL-4002,3,22,0,2026-04-10 19:10:05
831,CUST-142,FIL-4003,6,44,0,2026-07-19 18:00:37
832,CUST-142,FIL-4004,2,17,0,2026-07-18 20:44:24
833,CUST-142,FIL-4005,5,22,3,2026-04-20 20:44:38
834,CUST-142,HYD-1001,2,6,0,2025-10-01 20:40:19
835,CUST-142,HYD-1002,4,10,3,2026-06-08 18:27:39
836,CUST-142,HYD-1003,5,24,0,2026-06-03 19:05:49
837,CUST-142,HYD-1004,3,10,1,2025-11-18 19:00:26
838,CUST-142,HYD-1005,4,19,0,2026-05-05 17:21:44
839,CUST-143,ELE-2001,5,8,0,2026-04-16 19:05:23
840,CUST-143,ELE-2002,5,9,0,2026-05-17 18:01:36
841,CUST-143,ELE-2003,4,8,0,2026-03-19 18:00:01
842,CUST-143,ELE-2004,9,18,0,2026-06-29 18:21:12
843,CUST-143,ELE-2005,3,9,0,2026-07-04 20:19:06
844,CUST-143,FAS-3001,5,45,0,2026-05-15 19:13:56
845,CUST-143,FAS-3002,7,69,0,2026-07-08 18:37:45
846,CUST-143,FAS-3003,10,87,0,2026-06-23 20:36:15
847,CUST-143,FAS-3004,9,70,6,2026-07-03 20:13:49
848,CUST-143,FAS-3005,7,70,1,2026-06-27 18:34:25
849,CUST-143,FIL-4001,2,13,6,2026-03-31 19:41:01
850,CUST-143,FIL-4002,5,28,0,2026-07-13 17:32:39
851,CUST-143,FIL-4003,3,26,0,2026-07-01 20:17:21
852,CUST-143,FIL-4004,2,13,0,2026-06-22 18:16:43
853,CUST-143,FIL-4005,3,10,0,2026-03-14 20:21:06
854,CUST-143,HYD-1001,3,8,0,2026-05-27 20:53:39
855,CUST-143,HYD-1002,4,15,0,2026-06-28 20:04:45
856,CUST-143,HYD-1003,5,14,0,2026-06-09 19:33:53
857,CUST-143,HYD-1004,6,19,0,2026-05-14 17:03:21
858,CUST-143,HYD-1005,7,19,0,2026-04-11 19:49:26
859,CUST-144,ELE-2002,5,18,0,2026-07-09 18:01:08
860,CUST-144,ELE-2003,5,9,1,2026-07-06 19:34:34
861,CUST-144,ELE-2004,4,12,0,2026-05-18 19:38:55
862,CUST-144,ELE-2005,6,18,0,2026-05-07 20:35:16
863,CUST-144,FAS-3001,5,40,0,2026-07-25 20:53:48
864,CUST-144,FAS-3002,4,36,5,2026-06-27 18:56:07
865,CUST-144,FAS-3003,4,35,0,2026-05-29 20:18:40
866,CUST-144,FAS-3004,9,68,0,2026-07-02 19:57:04
867,CUST-144,FAS-3005,4,29,0,2026-05-20 19:10:09
868,CUST-144,FIL-4001,4,24,0,2026-01-30 18:43:04
869,CUST-144,FIL-4002,4,32,0,2026-07-07 20:58:06
870,CUST-144,FIL-4003,4,25,4,2026-07-27 20:34:08
871,CUST-144,FIL-4004,6,36,0,2026-07-06 18:44:15
872,CUST-144,FIL-4005,2,11,0,2026-07-11 19:04:45
873,CUST-144,HYD-1001,8,33,0,2026-07-19 19:09:25
874,CUST-144,HYD-1002,4,13,0,2026-07-14 20:31:52
875,CUST-144,HYD-1003,3,8,0,2026-04-19 17:50:59
876,CUST-144,HYD-1004,5,17,3,2026-06-04 20:36:00
877,CUST-144,HYD-1005,3,11,0,2026-06-02 20:10:01
878,CUST-145,ELE-2001,7,15,1,2026-05-06 17:30:40
879,CUST-145,ELE-2002,7,17,0,2026-04-19 19:33:38
880,CUST-145,ELE-2003,8,19,0,2026-07-03 20:50:14
881,CUST-145,ELE-2004,4,11,0,2026-06-24 19:53:24
882,CUST-145,ELE-2005,7,18,0,2026-07-10 20:10:37
883,CUST-145,FAS-3001,5,39,0,2026-03-18 19:42:43
884,CUST-145,FAS-3002,5,47,0,2026-07-13 19:22:25
885,CUST-145,FAS-3003,8,53,0,2026-07-10 20:28:23
886,CUST-145,FAS-3004,5,45,0,2026-06-03 19:22:32
887,CUST-145,FAS-3005,5,43,0,2026-02-09 19:54:28
888,CUST-145,FIL-4001,2,6,0,2025-12-10 20:51:48
889,CUST-145,FIL-4002,10,55,0,2026-07-13 17:58:13
890,CUST-145,FIL-4003,4,28,0,2026-06-20 19:13:43
891,CUST-145,FIL-4004,7,30,0,2026-07-15 20:22:59
892,CUST-145,FIL-4005,6,42,0,2026-03-30 19:48:42
893,CUST-145,HYD-1001,5,17,0,2026-06-17 19:39:16
894,CUST-145,HYD-1002,3,8,0,2026-05-28 19:18:50
895,CUST-145,HYD-1003,5,20,0,2026-04-25 18:03:35
896,CUST-145,HYD-1004,3,11,0,2025-11-24 18:33:20
897,CUST-145,HYD-1005,6,20,0,2026-06-01 18:08:19
898,CUST-146,ELE-2001,10,33,0,2026-07-22 18:51:46
899,CUST-146,ELE-2002,3,5,0,2026-06-18 17:31:17
900,CUST-146,ELE-2003,7,12,0,2026-07-11 17:00:59
901,CUST-146,ELE-2004,5,12,0,2026-07-22 19:23:52
902,CUST-146,ELE-2005,11,29,0,2026-07-13 17:39:59
903,CUST-146,FAS-3001,6,56,0,2026-07-03 17:14:15
904,CUST-146,FAS-3002,3,22,0,2026-05-25 20:26:53
905,CUST-146,FAS-3003,4,43,0,2026-03-02 18:41:41
906,CUST-146,FAS-3004,4,34,0,2026-07-04 19:34:03
907,CUST-146,FAS-3005,6,44,0,2026-07-21 20:46:36
908,CUST-146,FIL-4001,9,47,3,2026-07-27 17:08:25
909,CUST-146,FIL-4002,5,41,4,2026-07-25 17:16:32
910,CUST-146,FIL-4003,6,35,0,2026-07-09 18:51:12
911,CUST-146,FIL-4005,3,16,0,2026-02-20 18:05:13
912,CUST-146,HYD-1001,2,7,2,2025-12-17 20:54:45
913,CUST-146,HYD-1002,4,8,0,2026-04-17 20:04:33
914,CUST-146,HYD-1003,6,24,0,2026-07-26 19:31:46
915,CUST-146,HYD-1004,4,20,0,2026-06-26 17:02:07
916,CUST-146,HYD-1005,4,13,0,2026-03-29 20:23:43
917,CUST-147,ELE-2001,6,15,0,2026-07-13 19:26:24
918,CUST-147,ELE-2002,2,6,0,2026-02-19 18:34:03
919,CUST-147,ELE-2003,4,11,0,2026-07-24 17:15:52
920,CUST-147,ELE-2004,7,17,0,2026-07-13 20:12:33
921,CUST-147,ELE-2005,4,12,0,2026-07-08 19:37:55
922,CUST-147,FAS-3001,3,26,0,2026-05-09 18:43:27
923,CUST-147,FAS-3002,6,45,0,2026-07-04 19:51:36
924,CUST-147,FAS-3003,8,61,0,2026-06-18 19:39:37
925,CUST-147,FAS-3004,4,43,0,2026-07-17 18:38:45
926,CUST-147,FAS-3005,3,31,0,2026-06-24 18:32:03
927,CUST-147,FIL-4001,5,36,4,2026-07-21 20:22:43
928,CUST-147,FIL-4002,5,29,0,2026-04-22 20:45:52
929,CUST-147,FIL-4003,3,16,0,2026-05-18 19:34:48
930,CUST-147,FIL-4004,8,58,0,2026-07-21 19:44:17
931,CUST-147,FIL-4005,8,40,0,2026-06-26 19:34:43
932,CUST-147,HYD-1001,6,18,0,2026-07-14 17:31:26
933,CUST-147,HYD-1002,5,17,0,2026-07-11 20:25:19
934,CUST-147,HYD-1003,7,17,1,2026-07-03 19:05:33
935,CUST-147,HYD-1004,3,9,0,2026-02-27 20:59:41
936,CUST-147,HYD-1005,4,12,0,2026-07-22 17:51:10
937,CUST-148,ELE-2001,6,12,0,2026-07-03 20:00:08
938,CUST-148,ELE-2002,1,2,0,2026-06-17 19:15:50
939,CUST-148,ELE-2003,3,8,0,2026-06-19 18:10:31
940,CUST-148,ELE-2004,7,18,0,2026-06-08 17:12:52
941,CUST-148,ELE-2005,5,14,0,2026-07-19 19:46:02
942,CUST-148,FAS-3001,7,51,0,2026-07-24 19:34:43
943,CUST-148,FAS-3002,4,21,0,2026-03-09 19:37:03
944,CUST-148,FAS-3003,4,36,0,2026-07-16 20:10:10
945,CUST-148,FAS-3004,8,61,0,2026-07-12 18:44:58
946,CUST-148,FAS-3005,5,44,0,2026-07-05 18:20:40
947,CUST-148,FIL-4001,4,24,0,2026-06-20 20:30:19
948,CUST-148,FIL-4002,3,14,0,2026-07-04 17:44:15
949,CUST-148,FIL-4003,7,47,3,2026-05-29 18:49:10
950,CUST-148,FIL-4004,8,61,0,2026-07-15 20:34:47
951,CUST-148,FIL-4005,3,21,0,2026-07-04 17:41:09
952,CUST-148,HYD-1001,5,15,0,2026-06-08 17:20:32
953,CUST-148,HYD-1002,7,23,0,2026-07-22 17:06:46
954,CUST-148,HYD-1003,4,20,1,2026-03-01 17:26:59
955,CUST-148,HYD-1004,4,15,0,2026-06-22 17:59:12
956,CUST-148,HYD-1005,3,12,0,2026-02-19 17:08:00
957,CUST-149,ELE-2001,6,19,0,2026-07-10 18:47:50
958,CUST-149,ELE-2002,6,18,0,2026-07-14 20:05:00
959,CUST-149,ELE-2003,3,5,0,2026-05-10 20:39:11
960,CUST-149,ELE-2004,6,8,0,2026-07-07 20:23:31
961,CUST-149,ELE-2005,4,10,0,2025-11-25 17:42:36
962,CUST-149,FAS-3001,3,25,0,2026-07-17 17:28:48
963,CUST-149,FAS-3002,5,46,0,2026-03-19 20:11:29
964,CUST-149,FAS-3003,4,28,0,2026-04-28 17:21:02
965,CUST-149,FAS-3004,6,54,0,2026-07-20 17:36:06
966,CUST-149,FAS-3005,7,64,0,2026-06-13 17:53:03
967,CUST-149,FIL-4001,3,16,0,2026-05-26 17:07:06
968,CUST-149,FIL-4002,4,27,0,2026-07-01 17:50:50
969,CUST-149,FIL-4003,13,86,6,2026-07-24 18:54:14
970,CUST-149,FIL-4004,3,20,0,2026-05-29 17:01:48
971,CUST-149,FIL-4005,7,45,0,2026-05-04 19:16:23
972,CUST-149,HYD-1001,5,16,2,2026-06-15 17:19:47
973,CUST-149,HYD-1002,9,32,2,2026-07-24 17:55:48
974,CUST-149,HYD-1003,8,32,2,2026-06-18 17:15:01
975,CUST-149,HYD-1004,5,19,0,2026-07-08 17:52:14
976,CUST-149,HYD-1005,5,18,0,2026-04-10 19:25:22
977,CUST-150,ELE-2001,4,13,0,2026-06-19 17:58:10
978,CUST-150,ELE-2002,8,23,2,2026-07-27 19:30:26
979,CUST-150,ELE-2003,6,9,0,2026-06-06 19:02:40
980,CUST-150,ELE-2004,5,9,0,2026-07-09 17:33:35
981,CUST-150,ELE-2005,6,14,2,2026-05-13 19:58:58
982,CUST-150,FAS-3001,7,56,0,2026-07-09 17:38:06
983,CUST-150,FAS-3002,6,53,0,2026-07-16 19:22:32
984,CUST-150,FAS-3003,4,44,6,2026-07-27 19:35:22
985,CUST-150,FAS-3004,5,35,0,2026-06-16 18:03:25
986,CUST-150,FAS-3005,3,32,0,2026-06-25 19:23:37
987,CUST-150,FIL-4001,3,20,0,2026-03-19 20:02:14
988,CUST-150,FIL-4002,6,36,0,2026-01-31 20:27:05
989,CUST-150,FIL-4003,6,30,0,2026-07-12 20:35:55
990,CUST-150,FIL-4004,9,56,4,2026-07-15 20:01:52
991,CUST-150,FIL-4005,7,42,0,2026-06-21 19:13:21
992,CUST-150,HYD-1001,5,25,10,2026-04-26 18:26:33
993,CUST-150,HYD-1002,5,12,1,2026-07-05 18:34:53
994,CUST-150,HYD-1003,6,22,0,2026-06-30 17:05:14
995,CUST-150,HYD-1004,6,27,2,2026-07-18 20:43:59
996,CUST-150,HYD-1005,1,4,0,2026-04-07 19:18:39
997,CUST-151,ELE-2001,9,26,0,2026-07-13 18:05:45
998,CUST-151,ELE-2002,6,15,0,2026-03-22 17:19:18
999,CUST-151,ELE-2003,6,16,1,2026-06-26 20:09:22
1000,CUST-151,ELE-2004,3,8,1,2026-07-17 19:23:58
1001,CUST-151,ELE-2005,1,4,0,2026-05-14 20:58:31
1002,CUST-151,FAS-3001,4,36,0,2026-07-11 18:12:41
1003,CUST-151,FAS-3002,7,68,2,2026-07-03 18:56:46
1004,CUST-151,FAS-3003,2,16,0,2026-05-07 18:31:46
1005,CUST-151,FAS-3004,4,31,0,2026-06-27 18:27:23
1006,CUST-151,FAS-3005,7,61,0,2026-07-18 20:16:47
1007,CUST-151,FIL-4001,5,34,15,2026-05-06 20:48:23
1008,CUST-151,FIL-4002,5,33,0,2026-05-09 20:41:02
1009,CUST-151,FIL-4003,5,28,0,2026-04-07 17:41:39
1010,CUST-151,FIL-4004,2,14,0,2026-05-07 19:22:33
1011,CUST-151,FIL-4005,5,26,1,2026-04-14 20:29:38
1012,CUST-151,HYD-1001,4,17,1,2026-04-21 20:03:20
1013,CUST-151,HYD-1002,4,12,1,2026-06-05 20:46:30
1014,CUST-151,HYD-1003,7,21,3,2026-05-17 18:34:49
1015,CUST-151,HYD-1004,7,30,0,2026-07-22 17:55:42
1016,CUST-151,HYD-1005,4,12,0,2026-05-22 18:26:30
1017,CUST-152,ELE-2001,6,12,0,2026-06-10 18:49:37
1018,CUST-152,ELE-2002,4,9,0,2026-07-02 19:17:41
1019,CUST-152,ELE-2003,2,3,0,2026-07-06 19:11:37
1020,CUST-152,ELE-2004,2,4,2,2026-03-27 17:06:07
1021,CUST-152,ELE-2005,4,13,0,2026-07-19 17:38:00
1022,CUST-152,FAS-3001,7,61,0,2026-07-27 17:55:26
1023,CUST-152,FAS-3002,5,46,4,2026-07-26 17:57:24
1024,CUST-152,FAS-3003,3,33,0,2026-05-04 20:07:50
1025,CUST-152,FAS-3004,3,29,0,2026-01-05 19:08:03
1026,CUST-152,FAS-3005,7,65,0,2026-05-31 18:12:37
1027,CUST-152,FIL-4001,6,42,0,2026-06-30 18:16:27
1028,CUST-152,FIL-4002,3,23,1,2026-06-26 18:19:18
1029,CUST-152,FIL-4003,2,14,0,2026-03-07 20:51:28
1030,CUST-152,FIL-4004,3,20,7,2026-06-26 19:08:49
1031,CUST-152,FIL-4005,6,36,0,2026-07-24 18:05:19
1032,CUST-152,HYD-1001,2,9,0,2026-06-27 20:11:47
1033,CUST-152,HYD-1002,4,12,0,2026-06-22 20:48:14
1034,CUST-152,HYD-1003,6,24,0,2026-06-28 20:10:54
1035,CUST-152,HYD-1004,5,23,0,2026-06-26 19:33:36
1036,CUST-152,HYD-1005,3,10,0,2026-05-22 17:44:43
1037,CUST-153,ELE-2001,2,6,0,2026-05-27 20:24:22
1038,CUST-153,ELE-2002,2,2,0,2026-06-07 18:22:18
1039,CUST-153,ELE-2003,3,14,0,2026-07-14 19:31:40
1040,CUST-153,ELE-2004,4,10,0,2026-05-30 18:39:38
1041,CUST-153,ELE-2005,3,10,0,2026-07-17 18:07:18
1042,CUST-153,FAS-3001,8,67,0,2026-05-13 20:01:41
1043,CUST-153,FAS-3003,5,55,0,2026-07-15 17:22:35
1044,CUST-153,FAS-3004,4,28,0,2026-07-15 17:14:29
1045,CUST-153,FAS-3005,4,33,0,2026-07-02 20:25:29
1046,CUST-153,FIL-4001,6,36,0,2026-06-19 17:17:50
1047,CUST-153,FIL-4002,4,23,6,2026-07-26 17:56:56
1048,CUST-153,FIL-4003,6,36,0,2026-05-31 17:21:24
1049,CUST-153,FIL-4004,7,41,0,2026-05-07 20:32:53
1050,CUST-153,FIL-4005,5,42,0,2026-06-05 20:52:06
1051,CUST-153,HYD-1001,2,8,0,2026-06-30 19:09:02
1052,CUST-153,HYD-1002,5,21,5,2026-03-27 18:44:52
1053,CUST-153,HYD-1003,8,27,0,2026-06-12 20:07:27
1054,CUST-153,HYD-1004,6,20,0,2026-06-13 20:31:30
1055,CUST-153,HYD-1005,5,11,0,2026-07-19 18:50:19
1056,CUST-154,ELE-2001,4,5,0,2026-07-03 19:44:04
1057,CUST-154,ELE-2002,3,7,0,2025-12-18 20:26:44
1058,CUST-154,ELE-2003,5,10,0,2026-04-20 17:23:39
1059,CUST-154,ELE-2004,5,11,3,2026-07-25 18:44:08
1060,CUST-154,ELE-2005,3,6,0,2026-06-08 19:27:04
1061,CUST-154,FAS-3001,5,47,0,2026-06-30 17:30:44
1062,CUST-154,FAS-3002,1,11,0,2025-10-06 20:26:25
1063,CUST-154,FAS-3003,4,35,0,2026-06-10 19:22:00
1064,CUST-154,FAS-3004,3,30,0,2026-06-05 17:03:52
1065,CUST-154,FAS-3005,7,64,0,2026-07-09 20:14:44
1066,CUST-154,FIL-4001,2,18,0,2026-03-04 20:43:02
1067,CUST-154,FIL-4002,3,16,0,2026-06-01 18:48:30
1068,CUST-154,FIL-4003,4,22,0,2026-05-27 18:03:23
1069,CUST-154,FIL-4004,6,37,0,2026-03-06 18:59:02
1070,CUST-154,FIL-4005,4,14,0,2026-05-15 18:51:09
1071,CUST-154,HYD-1001,3,13,0,2026-01-24 17:41:17
1072,CUST-154,HYD-1002,4,15,0,2026-05-24 19:27:24
1073,CUST-154,HYD-1003,6,22,2,2026-03-08 18:56:44
1074,CUST-154,HYD-1004,3,13,1,2026-04-12 19:17:57
1075,CUST-154,HYD-1005,5,14,0,2025-12-15 17:19:13
1076,CUST-155,ELE-2001,6,16,0,2026-06-15 18:11:23
1077,CUST-155,ELE-2002,3,6,0,2026-06-12 18:28:17
1078,CUST-155,ELE-2003,6,15,0,2026-07-06 17:11:02
1079,CUST-155,ELE-2004,2,8,0,2026-06-06 20:59:41
1080,CUST-155,ELE-2005,3,6,0,2026-01-15 18:48:15
1081,CUST-155,FAS-3001,6,47,0,2026-07-09 18:12:07
1082,CUST-155,FAS-3002,8,68,7,2026-07-18 19:27:37
1083,CUST-155,FAS-3003,8,58,0,2026-06-12 20:02:59
1084,CUST-155,FAS-3004,7,64,0,2026-06-20 18:45:08
1085,CUST-155,FAS-3005,3,21,0,2026-03-10 20:16:51
1086,CUST-155,FIL-4001,9,47,9,2026-04-29 18:54:43
1087,CUST-155,FIL-4002,2,17,0,2026-07-04 19:45:41
1088,CUST-155,FIL-4003,4,27,0,2026-07-05 19:22:05
1089,CUST-155,FIL-4004,2,15,0,2026-07-12 18:26:11
1090,CUST-155,FIL-4005,11,70,6,2026-07-13 19:52:32
1091,CUST-155,HYD-1001,2,10,4,2026-07-23 20:17:21
1092,CUST-155,HYD-1002,4,17,0,2026-04-29 17:23:00
1093,CUST-155,HYD-1003,6,22,0,2026-06-12 18:50:33
1094,CUST-155,HYD-1004,7,33,0,2026-04-26 20:32:20
1095,CUST-155,HYD-1005,4,14,0,2026-05-16 18:15:50
1096,CUST-156,ELE-2001,7,16,0,2026-05-14 20:19:12
1097,CUST-156,ELE-2002,5,8,0,2026-05-31 17:33:18
1098,CUST-156,ELE-2003,3,9,0,2026-01-27 19:03:52
1099,CUST-156,ELE-2004,4,14,0,2026-03-25 18:12:00
1100,CUST-156,ELE-2005,1,1,1,2026-02-11 20:13:46
1101,CUST-156,FAS-3001,4,32,0,2026-07-06 19:55:55
1102,CUST-156,FAS-3002,11,84,0,2026-07-01 18:37:36
1103,CUST-156,FAS-3003,6,39,0,2026-07-21 20:25:35
1104,CUST-156,FAS-3004,10,85,7,2026-05-28 19:43:22
1105,CUST-156,FAS-3005,3,25,0,2026-05-27 20:46:32
1106,CUST-156,FIL-4001,6,46,4,2026-03-24 20:03:57
1107,CUST-156,FIL-4002,3,12,0,2026-04-29 19:04:23
1108,CUST-156,FIL-4003,5,21,2,2026-04-17 18:29:12
1109,CUST-156,FIL-4004,7,51,7,2026-06-22 17:44:39
1110,CUST-156,FIL-4005,4,25,8,2026-07-11 18:14:45
1111,CUST-156,HYD-1001,5,19,3,2026-04-18 17:20:23
1112,CUST-156,HYD-1002,3,9,0,2026-07-22 19:07:47
1113,CUST-156,HYD-1003,2,7,0,2026-07-25 17:43:30
1114,CUST-156,HYD-1004,12,47,5,2026-07-09 17:24:52
1115,CUST-156,HYD-1005,8,27,2,2026-06-26 19:28:35
1116,CUST-157,ELE-2001,5,7,0,2026-07-05 18:25:43
1117,CUST-157,ELE-2002,3,4,0,2026-06-01 17:28:21
1118,CUST-157,ELE-2003,5,13,0,2026-06-06 18:02:56
1119,CUST-157,ELE-2004,4,11,0,2026-06-23 20:42:58
1120,CUST-157,ELE-2005,4,8,0,2026-07-03 17:01:43
1121,CUST-157,FAS-3001,6,43,0,2026-06-19 17:30:04
1122,CUST-157,FAS-3002,3,24,0,2026-05-02 17:05:24
1123,CUST-157,FAS-3003,6,63,0,2026-06-06 20:43:26
1124,CUST-157,FAS-3004,1,10,0,2025-11-26 19:49:56
1125,CUST-157,FAS-3005,4,33,0,2026-03-16 20:15:45
1126,CUST-157,FIL-4001,5,34,6,2026-06-14 17:09:33
1127,CUST-157,FIL-4002,9,56,0,2026-07-18 20:44:10
1128,CUST-157,FIL-4003,4,26,0,2026-02-13 19:09:26
1129,CUST-157,FIL-4004,4,20,3,2026-07-19 17:27:41
1130,CUST-157,FIL-4005,7,35,3,2026-04-27 17:44:51
1131,CUST-157,HYD-1001,8,34,3,2026-07-06 18:50:35
1132,CUST-157,HYD-1002,4,21,0,2026-04-10 17:01:38
1133,CUST-157,HYD-1003,7,18,2,2026-07-05 20:39:53
1134,CUST-157,HYD-1004,2,5,0,2026-04-20 18:29:50
1135,CUST-157,HYD-1005,6,19,0,2026-05-09 20:50:05
1136,CUST-158,ELE-2001,5,12,0,2026-06-15 19:29:46
1137,CUST-158,ELE-2002,7,18,2,2026-03-19 17:32:39
1138,CUST-158,ELE-2003,6,11,0,2026-07-10 18:25:11
1139,CUST-158,ELE-2004,7,19,0,2026-07-05 19:29:33
1140,CUST-158,ELE-2005,5,13,0,2026-06-22 18:03:54
1141,CUST-158,FAS-3001,3,30,0,2026-05-29 18:58:27
1142,CUST-158,FAS-3002,7,62,0,2026-07-02 19:19:57
1143,CUST-158,FAS-3003,4,35,7,2026-04-23 20:27:34
1144,CUST-158,FAS-3004,7,68,0,2026-05-12 18:46:42
1145,CUST-158,FAS-3005,7,49,0,2026-07-01 19:07:25
1146,CUST-158,FIL-4001,7,42,0,2026-07-14 18:59:52
1147,CUST-158,FIL-4002,9,47,0,2026-06-18 19:13:38
1148,CUST-158,FIL-4003,7,41,0,2026-04-08 17:21:31
1149,CUST-158,FIL-4004,2,10,0,2026-04-01 18:33:00
1150,CUST-158,FIL-4005,5,37,0,2026-07-19 18:42:09
1151,CUST-158,HYD-1001,6,15,0,2026-06-29 18:40:36
1152,CUST-158,HYD-1002,6,16,0,2026-06-04 17:32:55
1153,CUST-158,HYD-1003,4,18,0,2026-04-15 17:46:41
1154,CUST-158,HYD-1004,4,10,0,2026-03-06 17:24:18
1155,CUST-158,HYD-1005,4,13,2,2026-05-19 19:28:42
1156,CUST-159,ELE-2001,5,11,0,2026-05-25 17:02:47
1157,CUST-159,ELE-2002,3,3,0,2026-05-12 18:11:27
1158,CUST-159,ELE-2003,4,7,0,2026-07-08 18:14:09
1159,CUST-159,ELE-2004,6,11,0,2026-07-09 19:43:51
1160,CUST-159,ELE-2005,1,2,0,2025-10-19 18:02:53
1161,CUST-159,FAS-3001,6,58,0,2026-07-17 18:10:25
1162,CUST-159,FAS-3002,6,57,0,2026-05-21 17:08:54
1163,CUST-159,FAS-3003,10,96,0,2026-07-02 18:22:07
1164,CUST-159,FAS-3004,4,28,0,2026-04-16 19:45:27
1165,CUST-159,FAS-3005,6,47,0,2026-05-17 18:36:57
1166,CUST-159,FIL-4001,5,27,5,2026-06-09 18:37:32
1167,CUST-159,FIL-4002,1,3,0,2026-02-17 17:06:33
1168,CUST-159,FIL-4003,3,13,0,2026-03-28 20:38:46
1169,CUST-159,FIL-4004,8,56,8,2026-05-04 18:07:37
1170,CUST-159,FIL-4005,5,32,0,2026-06-26 20:07:07
1171,CUST-159,HYD-1001,8,27,1,2026-07-20 18:17:03
1172,CUST-159,HYD-1002,2,7,0,2026-04-12 19:14:22
1173,CUST-159,HYD-1003,2,5,0,2026-06-07 19:44:28
1174,CUST-159,HYD-1004,6,17,0,2026-05-16 20:55:20
1175,CUST-159,HYD-1005,4,12,0,2026-03-22 20:31:24
1176,CUST-160,ELE-2001,2,9,0,2025-12-13 17:06:47
1177,CUST-160,ELE-2002,6,11,0,2026-04-21 18:03:02
1178,CUST-160,ELE-2003,4,8,0,2026-04-24 18:55:04
1179,CUST-160,ELE-2004,5,6,0,2026-07-10 18:05:42
1180,CUST-160,ELE-2005,6,13,0,2026-07-04 20:56:22
1181,CUST-160,FAS-3001,9,68,1,2026-05-19 19:23:51
1182,CUST-160,FAS-3002,4,34,0,2026-06-18 17:06:10
1183,CUST-160,FAS-3003,3,30,0,2026-05-31 19:22:31
1184,CUST-160,FAS-3004,3,29,0,2026-06-11 19:15:28
1185,CUST-160,FAS-3005,4,38,0,2026-07-01 17:10:06
1186,CUST-160,FIL-4001,3,21,0,2026-05-16 17:22:18
1187,CUST-160,FIL-4002,7,45,0,2026-07-03 18:20:42
1188,CUST-160,FIL-4003,9,53,8,2026-07-07 20:05:14
1189,CUST-160,FIL-4004,4,20,0,2026-05-26 17:19:50
1190,CUST-160,FIL-4005,8,47,0,2026-02-19 19:11:24
1191,CUST-160,HYD-1001,6,24,9,2026-07-13 20:05:02
1192,CUST-160,HYD-1002,7,16,2,2026-06-19 20:13:13
1193,CUST-160,HYD-1003,4,17,0,2026-05-29 18:22:27
1194,CUST-160,HYD-1004,2,13,0,2026-03-02 17:27:08
1195,CUST-160,HYD-1005,3,6,0,2026-01-22 18:42:15
